order_id,customer_id,order_date,revenue
1,948,2023-02-05,292.54
2,92,2023-06-14,52.95
3,271,2023-02-01,334.33
4,510,2023-05-23,199.65
5,333,2023-06-14,228.91
6,749,2023-02-27,390.51
7,48,2023-03-10,203.28
8,148,2023-03-21,105.3
9,873,2023-04-14,494.04
10,990,2023-06-10,203.75
11,341,2023-01-04,318.58
12,737,2023-02-01,195.66
13,210,2023-06-26,320.44
14,153,2023-06-10,256.07
15,985,2023-03-08,187.87
16,420,2023-04-03,255.76
17,326,2023-05-06,98.33
18,846,2023-01-24,346.11
19,404,2023-04-22,477.3
20,868,2023-04-01,264.51
21,958,2023-04-23,408.44
22,976,2023-03-23,395.92
23,79,2023-02-28,82.41
24,419,2023-05-15,444.26
25,865,2023-05-15,265.11
26,485,2023-03-26,319.3
27,164,2023-04-27,58.65
28,371,2023-05-02,326.77
29,956,2023-01-02,218.13
30,513,2023-01-26,264.92
31,997,2023-05-16,496.84
32,885,2023-02-05,132.94
33,55,2023-03-26,120.55
34,757,2023-03-24,221.25
35,114,2023-04-18,93.13
36,653,2023-02-03,181.41
37,756,2023-04-27,141.33
38,589,2023-03-06,191.32
39,676,2023-02-01,485.55
40,659,2023-06-09,404.49
41,687,2023-01-25,79.39
42,201,2023-06-20,256.67
43,151,2023-05-18,58.55
44,685,2023-04-08,21.21
45,346,2023-04-08,167.23
46,513,2023-06-19,398.7
47,67,2023-05-26,105.81
48,821,2023-05-17,153.07
49,415,2023-04-18,31.14
50,19,2023-04-09,435.76
51,104,2023-03-28,67.2
52,835,2023-01-06,63.73
53,768,2023-03-10,114.12
54,191,2023-03-03,405.03
55,726,2023-02-28,34.07
56,762,2023-04-02,169.26
57,969,2023-05-14,22.01
58,731,2023-02-16,88.29
59,395,2023-06-21,438.7
60,64,2023-01-02,117.27
61,458,2023-06-07,70.42
62,619,2023-05-27,304.27
63,283,2023-01-03,62.94
64,942,2023-01-01,120.73
65,110,2023-04-27,76.05
66,604,2023-06-16,378.82
67,425,2023-04-25,333.07
68,906,2023-01-25,379.62
69,950,2023-06-25,206.22
70,364,2023-02-25,494.09
71,770,2023-06-23,316.08
72,101,2023-01-24,263.52
73,652,2023-05-21,156.75
74,889,2023-04-27,271.46
75,79,2023-03-01,321.77
76,346,2023-02-15,183.55
77,24,2023-05-06,358.96
78,693,2023-04-06,287.89
79,483,2023-04-17,377.45
80,779,2023-02-25,244.63
81,115,2023-01-23,128.81
82,566,2023-04-04,224.84
83,631,2023-06-17,73.31
84,916,2023-04-27,94.22
85,777,2023-02-22,305.95
86,258,2023-05-21,494.17
87,549,2023-04-16,391.95
88,233,2023-02-16,182.65
89,574,2023-01-15,441.59
90,294,2023-01-01,107.39
91,734,2023-05-01,343.39
92,477,2023-05-12,396.5
93,667,2023-05-02,27.07
94,199,2023-03-22,436.7
95,988,2023-02-07,440.64
96,125,2023-02-06,485.73
97,394,2023-04-19,38.26
98,565,2023-05-22,386.44
99,408,2023-03-28,238.83
100,821,2023-06-16,29.56
101,68,2023-04-22,347.67
102,252,2023-04-20,351.24
103,954,2023-05-28,491.62
104,899,2023-03-23,379.31
105,754,2023-02-03,174.49
106,306,2023-01-27,215.15
107,492,2023-02-13,54.9
108,48,2023-01-07,114.86
109,915,2023-06-17,388.09
110,720,2023-02-10,427.3
111,552,2023-06-23,74.0
112,555,2023-02-19,85.74
113,25,2023-03-17,51.66
114,757,2023-01-10,458.18
115,77,2023-04-20,408.5
116,48,2023-01-11,431.91
117,73,2023-02-04,196.78
118,782,2023-04-16,365.45
119,716,2023-06-18,494.8
120,251,2023-03-13,362.2
121,630,2023-02-22,436.51
122,93,2023-03-08,168.73
123,840,2023-01-01,176.41
124,511,2023-01-25,152.55
125,160,2023-04-09,388.98
126,600,2023-04-17,413.73
127,328,2023-04-28,480.39
128,329,2023-04-08,284.87
129,114,2023-06-25,458.91
130,928,2023-02-18,389.81
131,101,2023-04-16,178.17
132,784,2023-02-08,304.29
133,350,2023-05-16,263.21
134,875,2023-03-09,94.29
135,832,2023-06-02,385.97
136,752,2023-05-15,97.17
137,806,2023-04-01,93.68
138,863,2023-03-14,384.02
139,792,2023-03-25,154.49
140,367,2023-04-15,87.85
141,472,2023-01-15,68.84
142,475,2023-02-02,416.92
143,270,2023-01-12,204.45
144,657,2023-06-16,275.15
145,63,2023-02-16,339.0
146,315,2023-02-04,253.6
147,191,2023-02-17,27.65
148,861,2023-04-10,414.24
149,723,2023-03-17,426.4
150,52,2023-04-22,106.91
151,266,2023-02-19,102.92
152,152,2023-04-22,273.48
153,854,2023-04-06,286.4
154,439,2023-03-02,235.37
155,669,2023-03-05,24.94
156,490,2023-04-22,119.3
157,212,2023-01-28,420.72
158,991,2023-03-07,368.78
159,142,2023-04-16,220.43
160,915,2023-03-20,80.18
161,856,2023-05-14,366.58
162,918,2023-04-20,45.02
163,270,2023-06-23,34.5
164,606,2023-05-17,496.95
165,711,2023-06-08,104.66
166,241,2023-03-25,197.85
167,27,2023-03-01,186.49
168,619,2023-06-17,472.92
169,429,2023-02-16,116.01
170,336,2023-06-03,479.36
171,975,2023-05-28,235.7
172,197,2023-03-25,24.24
173,422,2023-06-21,374.18
174,513,2023-04-02,373.64
175,348,2023-05-15,259.91
176,871,2023-03-09,96.22
177,29,2023-01-19,358.14
178,266,2023-02-27,395.0
179,216,2023-02-28,106.85
180,467,2023-04-24,421.9
181,724,2023-06-07,106.53
182,151,2023-02-06,472.97
183,77,2023-04-04,71.08
184,909,2023-04-27,198.08
185,992,2023-04-14,311.24
186,59,2023-04-04,223.01
187,557,2023-03-06,316.06
188,858,2023-03-04,158.7
189,239,2023-05-13,297.02
190,107,2023-01-12,104.35
191,599,2023-04-19,23.77
192,185,2023-02-06,34.2
193,583,2023-06-14,497.55
194,912,2023-05-01,65.91
195,276,2023-03-06,345.73
196,433,2023-04-27,57.17
197,462,2023-05-01,436.81
198,222,2023-04-25,29.28
199,457,2023-01-13,463.45
200,964,2023-01-11,348.92
201,214,2023-01-10,299.99
202,188,2023-02-14,420.86
203,230,2023-03-09,200.83
204,164,2023-01-28,408.0
205,444,2023-05-09,395.61
206,228,2023-02-18,22.56
207,775,2023-05-02,375.89
208,903,2023-03-09,49.22
209,838,2023-03-20,369.69
210,619,2023-05-11,72.19
211,131,2023-02-24,310.26
212,777,2023-04-23,95.84
213,90,2023-04-06,279.64
214,397,2023-02-19,76.58
215,306,2023-02-12,333.06
216,129,2023-05-27,226.03
217,405,2023-04-23,221.5
218,465,2023-06-11,415.55
219,365,2023-02-18,329.37
220,639,2023-02-19,254.84
221,24,2023-06-21,301.46
222,880,2023-04-24,20.27
223,3,2023-05-14,164.65
224,373,2023-04-24,257.68
225,174,2023-04-28,438.1
226,733,2023-01-18,24.91
227,865,2023-01-19,480.72
228,191,2023-02-20,42.3
229,968,2023-01-12,392.78
230,34,2023-03-27,134.33
231,936,2023-03-09,280.26
232,921,2023-01-19,128.08
233,254,2023-02-12,479.42
234,172,2023-02-06,23.15
235,158,2023-02-12,52.27
236,353,2023-03-21,406.57
237,747,2023-01-04,316.73
238,816,2023-02-11,156.17
239,232,2023-06-22,450.78
240,568,2023-04-19,262.06
241,214,2023-05-10,353.67
242,252,2023-05-07,382.43
243,253,2023-02-06,161.38
244,136,2023-04-06,304.21
245,356,2023-01-26,277.95
246,661,2023-05-24,375.4
247,990,2023-02-04,80.64
248,166,2023-03-25,149.71
249,342,2023-05-02,233.28
250,896,2023-05-13,170.27
251,975,2023-05-20,315.1
252,991,2023-01-04,88.47
253,493,2023-04-13,115.08
254,285,2023-04-10,302.24
255,394,2023-02-03,455.08
256,275,2023-02-20,391.94
257,924,2023-06-03,291.85
258,816,2023-04-11,318.62
259,406,2023-01-19,83.57
260,103,2023-04-03,357.44
261,411,2023-04-12,131.42
262,281,2023-02-14,430.39
263,874,2023-04-11,92.55
264,258,2023-05-21,460.55
265,146,2023-04-04,450.7
266,436,2023-06-01,447.37
267,235,2023-01-15,408.15
268,163,2023-01-01,294.12
269,925,2023-06-24,442.09
270,277,2023-03-11,439.79
271,109,2023-01-07,99.78
272,881,2023-01-12,351.72
273,97,2023-03-12,24.77
274,143,2023-03-07,365.5
275,307,2023-01-19,327.13
276,530,2023-02-22,423.83
277,473,2023-04-16,460.32
278,620,2023-06-05,145.25
279,258,2023-02-12,352.36
280,514,2023-02-05,485.96
281,261,2023-05-08,359.93
282,718,2023-06-26,344.19
283,185,2023-05-26,72.54
284,556,2023-06-01,165.21
285,505,2023-04-16,39.89
286,204,2023-06-13,418.17
287,604,2023-02-08,383.63
288,98,2023-05-18,226.4
289,59,2023-03-28,316.41
290,556,2023-02-11,244.29
291,282,2023-06-10,480.82
292,516,2023-01-17,180.1
293,197,2023-03-24,273.1
294,794,2023-06-18,102.46
295,813,2023-03-23,229.88
296,177,2023-04-05,214.17
297,408,2023-01-24,263.8
298,798,2023-04-05,336.06
299,222,2023-02-12,166.47
300,383,2023-06-28,173.06
301,173,2023-01-26,301.09
302,891,2023-05-06,102.85
303,547,2023-03-01,382.39
304,680,2023-02-12,370.08
305,905,2023-06-13,100.64
306,422,2023-03-15,102.61
307,902,2023-02-19,385.03
308,872,2023-02-21,26.1
309,945,2023-02-26,98.01
310,588,2023-03-03,157.99
311,14,2023-02-20,25.49
312,404,2023-05-23,334.46
313,41,2023-02-27,352.94
314,269,2023-02-14,211.28
315,986,2023-03-27,422.79
316,190,2023-05-12,226.55
317,663,2023-01-16,421.26
318,630,2023-01-01,364.24
319,87,2023-01-02,373.92
320,782,2023-05-08,137.89
321,138,2023-02-18,317.21
322,96,2023-02-10,421.45
323,873,2023-01-19,126.65
324,989,2023-01-23,42.45
325,498,2023-01-17,88.91
326,288,2023-06-02,173.78
327,767,2023-04-04,463.27
328,486,2023-04-27,423.46
329,289,2023-04-28,82.3
330,962,2023-02-23,272.35
331,334,2023-03-01,27.07
332,278,2023-02-15,103.26
333,436,2023-04-03,233.45
334,690,2023-06-05,431.55
335,908,2023-01-07,491.86
336,13,2023-02-26,216.98
337,290,2023-06-26,316.26
338,307,2023-06-03,483.2
339,399,2023-02-07,363.4
340,295,2023-03-09,451.97
341,183,2023-01-24,114.38
342,398,2023-04-16,336.08
343,431,2023-05-12,248.77
344,214,2023-01-14,432.15
345,639,2023-03-20,160.31
346,439,2023-01-27,153.17
347,349,2023-01-16,177.34
348,21,2023-01-17,284.23
349,635,2023-01-27,426.19
350,307,2023-05-19,110.62
351,173,2023-06-06,39.76
352,316,2023-03-18,125.21
353,788,2023-03-25,148.31
354,354,2023-04-06,125.13
355,202,2023-04-25,180.92
356,262,2023-05-27,206.59
357,12,2023-04-19,385.21
358,792,2023-02-12,439.59
359,388,2023-05-12,377.77
360,43,2023-02-14,288.52
361,203,2023-03-23,244.45
362,273,2023-05-14,372.29
363,981,2023-01-21,25.8
364,513,2023-01-20,182.67
365,494,2023-03-21,445.11
366,401,2023-06-09,103.7
367,799,2023-06-09,132.54
368,818,2023-05-20,27.68
369,489,2023-01-19,394.89
370,438,2023-05-03,145.69
371,664,2023-01-10,254.59
372,301,2023-06-14,373.78
373,929,2023-02-15,262.49
374,469,2023-05-09,152.39
375,85,2023-01-13,369.32
376,668,2023-05-25,236.66
377,425,2023-03-14,143.08
378,398,2023-04-05,346.13
379,829,2023-02-13,285.66
380,904,2023-01-12,336.38
381,837,2023-06-03,269.34
382,35,2023-05-24,312.29
383,947,2023-01-05,237.35
384,113,2023-06-06,296.9
385,343,2023-01-25,268.17
386,862,2023-01-23,238.12
387,1000,2023-05-13,29.81
388,904,2023-02-12,217.71
389,38,2023-04-02,181.98
390,274,2023-02-23,139.03
391,217,2023-04-19,264.41
392,451,2023-01-13,251.86
393,415,2023-06-07,30.68
394,927,2023-04-23,399.9
395,188,2023-01-18,467.85
396,910,2023-06-06,221.9
397,795,2023-04-19,328.34
398,525,2023-01-20,27.75
399,442,2023-04-17,330.58
400,338,2023-03-07,261.14
401,48,2023-06-20,408.0
402,587,2023-04-16,380.69
403,833,2023-04-07,166.25
404,633,2023-02-23,267.22
405,410,2023-05-25,251.16
406,818,2023-01-24,425.04
407,865,2023-06-11,427.12
408,142,2023-06-21,165.29
409,467,2023-02-27,76.62
410,575,2023-01-09,331.0
411,80,2023-04-25,356.08
412,741,2023-05-28,212.71
413,211,2023-04-01,215.42
414,72,2023-02-27,49.37
415,954,2023-04-25,98.17
416,967,2023-06-01,247.79
417,858,2023-05-19,105.11
418,690,2023-05-27,315.54
419,164,2023-05-27,277.52
420,429,2023-04-04,289.69
421,788,2023-06-11,483.57
422,475,2023-02-25,406.06
423,945,2023-01-15,374.02
424,851,2023-01-18,222.99
425,415,2023-03-20,145.96
426,212,2023-05-10,95.71
427,704,2023-06-23,303.85
428,90,2023-06-08,486.79
429,335,2023-06-25,133.95
430,616,2023-03-22,494.99
431,368,2023-06-01,74.22
432,461,2023-05-20,489.63
433,66,2023-01-13,307.43
434,450,2023-05-11,413.37
435,622,2023-02-01,196.57
436,279,2023-05-06,480.12
437,761,2023-02-18,457.98
438,832,2023-03-22,397.45
439,893,2023-01-23,90.42
440,78,2023-06-22,414.57
441,425,2023-04-24,278.61
442,6,2023-04-17,432.82
443,657,2023-04-21,200.91
444,117,2023-03-22,126.46
445,885,2023-03-21,273.3
446,872,2023-01-04,202.21
447,741,2023-03-25,298.84
448,670,2023-06-05,452.6
449,205,2023-05-03,177.71
450,488,2023-04-25,42.26
451,423,2023-01-20,489.12
452,901,2023-06-10,40.42
453,645,2023-01-07,34.92
454,920,2023-05-02,268.44
455,154,2023-01-15,96.48
456,425,2023-05-06,308.31
457,789,2023-05-06,332.62
458,540,2023-03-27,163.59
459,677,2023-03-25,474.33
460,520,2023-01-15,90.71
461,975,2023-06-19,483.65
462,479,2023-05-06,327.96
463,430,2023-06-09,62.63
464,607,2023-05-01,223.03
465,906,2023-06-04,365.23
466,820,2023-04-28,72.89
467,16,2023-04-13,208.12
468,861,2023-05-02,274.58
469,468,2023-01-08,319.95
470,180,2023-01-21,383.56
471,904,2023-04-07,342.81
472,334,2023-03-09,149.28
473,189,2023-05-13,322.5
474,535,2023-06-09,180.32
475,922,2023-06-27,440.02
476,754,2023-01-03,105.75
477,953,2023-06-10,409.04
478,674,2023-06-05,163.16
479,20,2023-03-07,215.75
480,160,2023-05-03,470.62
481,10,2023-02-15,194.83
482,584,2023-02-18,456.55
483,950,2023-04-13,415.0
484,386,2023-06-02,139.96
485,136,2023-06-25,235.45
486,137,2023-03-08,200.21
487,364,2023-06-10,40.17
488,262,2023-02-23,386.77
489,546,2023-05-25,58.0
490,965,2023-04-26,196.26
491,249,2023-03-22,27.81
492,861,2023-04-27,356.81
493,361,2023-05-18,90.5
494,511,2023-06-19,236.85
495,962,2023-02-17,197.33
496,203,2023-06-13,217.33
497,391,2023-02-08,225.39
498,795,2023-04-26,242.52
499,600,2023-05-17,215.72
500,318,2023-01-05,198.96
501,934,2023-05-27,252.61
502,52,2023-06-06,84.75
503,397,2023-03-06,310.32
504,578,2023-02-06,481.4
505,427,2023-05-05,25.32
506,972,2023-04-03,483.92
507,194,2023-05-19,215.93
508,605,2023-03-13,312.93
509,603,2023-05-22,414.14
510,752,2023-06-20,399.74
511,770,2023-05-08,123.36
512,996,2023-05-24,249.18
513,728,2023-04-18,267.09
514,382,2023-04-15,313.24
515,253,2023-04-01,164.53
516,536,2023-03-17,102.88
517,98,2023-03-20,410.29
518,764,2023-03-07,309.5
519,159,2023-02-25,307.76
520,5,2023-02-13,24.72
521,669,2023-01-10,162.8
522,409,2023-06-23,243.88
523,765,2023-02-27,316.13
524,668,2023-01-26,166.38
525,892,2023-06-08,429.4
526,73,2023-03-24,469.18
527,210,2023-02-10,76.74
528,330,2023-05-26,295.96
529,482,2023-02-21,424.94
530,554,2023-02-02,303.89
531,688,2023-04-21,177.07
532,805,2023-04-10,96.69
533,931,2023-06-23,85.01
534,727,2023-01-11,318.12
535,188,2023-06-05,46.69
536,32,2023-02-11,419.19
537,439,2023-05-16,496.8
538,966,2023-05-26,69.11
539,411,2023-03-18,454.76
540,848,2023-02-19,471.28
541,878,2023-05-27,36.3
542,901,2023-03-13,276.3
543,374,2023-01-03,247.45
544,460,2023-02-21,468.92
545,959,2023-05-14,216.34
546,492,2023-05-14,294.5
547,938,2023-02-25,386.95
548,298,2023-06-21,482.52
549,962,2023-01-10,139.0
550,728,2023-03-16,143.66
551,75,2023-02-11,128.26
552,634,2023-06-07,251.44
553,14,2023-03-28,214.26
554,202,2023-01-16,255.29
555,994,2023-06-06,55.17
556,89,2023-03-02,128.36
557,990,2023-05-25,338.36
558,854,2023-01-05,353.6
559,612,2023-05-24,421.2
560,529,2023-06-03,303.58
561,42,2023-04-07,120.78
562,830,2023-02-10,371.25
563,282,2023-03-28,498.23
564,1,2023-04-10,283.98
565,455,2023-03-16,227.0
566,132,2023-06-18,219.67
567,946,2023-02-11,493.49
568,424,2023-01-23,421.73
569,623,2023-03-03,393.15
570,35,2023-01-26,246.18
571,999,2023-06-18,429.6
572,245,2023-03-03,251.99
573,608,2023-06-06,434.66
574,393,2023-03-03,148.63
575,834,2023-02-09,37.78
576,522,2023-01-18,401.5
577,760,2023-01-12,186.23
578,98,2023-01-24,373.57
579,278,2023-03-27,236.91
580,686,2023-06-26,317.19
581,120,2023-03-08,309.09
582,841,2023-04-02,330.37
583,12,2023-04-01,44.28
584,821,2023-05-08,448.29
585,915,2023-01-23,169.51
586,19,2023-03-04,279.0
587,729,2023-02-20,463.1
588,824,2023-05-05,105.54
589,603,2023-05-01,346.87
590,786,2023-04-13,389.09
591,527,2023-06-24,39.15
592,409,2023-03-27,281.11
593,711,2023-06-09,321.6
594,547,2023-06-01,336.83
595,330,2023-05-01,92.74
596,93,2023-02-20,354.95
597,727,2023-04-10,352.18
598,740,2023-05-07,436.14
599,136,2023-02-11,366.0
600,620,2023-02-02,467.62
601,22,2023-04-10,146.55
602,781,2023-05-17,452.0
603,738,2023-04-16,40.43
604,993,2023-05-18,251.82
605,696,2023-01-20,100.73
606,630,2023-06-04,307.75
607,843,2023-01-18,422.77
608,289,2023-06-21,445.15
609,698,2023-02-03,64.1
610,103,2023-02-26,207.1
611,567,2023-01-11,277.81
612,167,2023-03-18,42.58
613,123,2023-04-08,109.51
614,34,2023-01-20,334.97
615,689,2023-03-15,403.39
616,232,2023-02-05,28.68
617,488,2023-05-16,345.5
618,286,2023-04-09,194.41
619,982,2023-03-16,368.68
620,914,2023-01-28,275.27
621,656,2023-06-25,86.04
622,66,2023-02-03,233.02
623,843,2023-03-13,378.03
624,250,2023-05-19,182.7
625,812,2023-05-09,222.19
626,418,2023-04-26,205.99
627,255,2023-02-28,215.57
628,385,2023-03-23,384.29
629,14,2023-01-12,131.4
630,758,2023-02-24,204.5
631,383,2023-05-10,27.89
632,460,2023-04-27,286.65
633,530,2023-01-07,455.29
634,833,2023-04-02,178.71
635,406,2023-01-13,133.52
636,9,2023-04-08,228.31
637,544,2023-03-02,82.05
638,440,2023-06-03,330.55
639,559,2023-03-27,23.85
640,222,2023-05-04,25.26
641,169,2023-05-02,304.34
642,655,2023-01-26,375.57
643,24,2023-01-05,195.12
644,706,2023-05-09,182.7
645,776,2023-02-25,472.52
646,612,2023-03-19,244.4
647,589,2023-03-08,431.58
648,402,2023-06-27,109.6
649,547,2023-01-02,319.17
650,991,2023-04-02,83.86
651,971,2023-04-12,460.27
652,264,2023-04-10,337.56
653,141,2023-03-21,303.46
654,571,2023-01-11,157.2
655,948,2023-05-10,352.87
656,128,2023-03-08,266.62
657,124,2023-05-01,322.7
658,357,2023-06-18,305.72
659,291,2023-06-12,274.11
660,416,2023-03-25,178.48
661,814,2023-02-28,100.58
662,506,2023-06-12,91.72
663,717,2023-05-16,45.12
664,993,2023-04-13,25.79
665,861,2023-04-04,409.21
666,32,2023-02-10,280.05
667,885,2023-04-01,162.24
668,924,2023-06-05,383.73
669,362,2023-04-01,82.92
670,28,2023-01-12,261.9
671,698,2023-01-12,478.35
672,696,2023-01-03,231.79
673,434,2023-06-21,476.54
674,434,2023-04-26,65.07
675,586,2023-01-12,272.75
676,262,2023-01-12,81.9
677,605,2023-03-03,120.41
678,272,2023-03-10,232.32
679,271,2023-01-23,200.18
680,100,2023-06-24,195.38
681,962,2023-06-26,173.54
682,741,2023-04-19,46.12
683,753,2023-04-04,294.88
684,538,2023-01-25,328.63
685,446,2023-06-19,275.13
686,415,2023-06-10,426.85
687,398,2023-05-07,226.25
688,903,2023-01-18,132.82
689,271,2023-03-23,311.49
690,406,2023-06-22,288.59
691,480,2023-05-01,199.64
692,249,2023-01-25,109.15
693,486,2023-06-23,249.57
694,251,2023-06-03,280.19
695,578,2023-01-26,328.35
696,369,2023-02-06,32.26
697,195,2023-04-16,136.11
698,716,2023-02-23,359.1
699,137,2023-04-07,397.34
700,415,2023-02-19,499.18
701,890,2023-03-09,39.16
702,782,2023-05-05,174.64
703,824,2023-02-27,209.5
704,608,2023-04-13,316.31
705,450,2023-06-06,143.98
706,727,2023-04-08,318.54
707,889,2023-02-08,366.05
708,140,2023-03-21,87.53
709,590,2023-02-22,107.53
710,1,2023-01-09,350.6
711,234,2023-01-14,316.09
712,142,2023-02-17,153.87
713,73,2023-02-10,257.43
714,911,2023-05-19,272.13
715,495,2023-05-01,403.85
716,87,2023-03-27,174.12
717,351,2023-03-27,148.99
718,949,2023-02-13,47.64
719,707,2023-04-11,229.48
720,565,2023-05-20,53.33
721,734,2023-02-04,34.14
722,252,2023-04-26,156.49
723,793,2023-02-22,94.27
724,155,2023-04-21,367.86
725,479,2023-02-16,235.71
726,425,2023-02-07,470.83
727,35,2023-06-17,355.92
728,748,2023-04-13,465.72
729,454,2023-04-01,464.25
730,54,2023-01-07,288.09
731,344,2023-02-13,402.83
732,516,2023-05-11,101.34
733,87,2023-03-05,322.48
734,485,2023-06-27,38.04
735,136,2023-06-10,369.4
736,664,2023-04-09,28.88
737,376,2023-04-16,395.12
738,431,2023-05-06,225.45
739,3,2023-02-12,293.2
740,863,2023-04-27,96.75
741,196,2023-01-08,359.16
742,650,2023-05-22,491.41
743,422,2023-04-26,145.94
744,459,2023-06-03,155.71
745,662,2023-03-11,305.61
746,948,2023-05-07,70.15
747,585,2023-02-19,355.51
748,859,2023-06-16,379.31
749,613,2023-05-23,153.34
750,724,2023-01-09,307.4
751,758,2023-05-14,36.5
752,15,2023-05-11,410.66
753,678,2023-03-20,357.06
754,794,2023-02-05,415.3
755,135,2023-04-10,123.91
756,264,2023-06-08,488.17
757,161,2023-04-04,82.77
758,957,2023-06-18,301.15
759,677,2023-05-26,332.44
760,576,2023-01-11,315.64
761,5,2023-03-08,140.71
762,462,2023-06-03,107.58
763,942,2023-04-24,355.53
764,837,2023-02-05,456.62
765,312,2023-05-17,357.54
766,911,2023-04-10,102.86
767,733,2023-06-06,183.68
768,504,2023-04-24,261.93
769,514,2023-01-28,266.43
770,132,2023-05-05,456.32
771,560,2023-02-15,272.41
772,674,2023-06-16,47.75
773,398,2023-05-28,159.26
774,79,2023-05-02,204.52
775,262,2023-06-07,355.0
776,314,2023-05-21,197.64
777,614,2023-04-24,490.18
778,401,2023-05-28,484.9
779,528,2023-01-25,346.14
780,276,2023-04-22,233.03
781,198,2023-05-25,402.45
782,4,2023-06-18,135.89
783,158,2023-05-28,460.8
784,52,2023-02-13,405.91
785,145,2023-05-02,295.49
786,136,2023-04-03,204.41
787,365,2023-01-04,220.97
788,519,2023-03-24,235.82
789,682,2023-04-09,178.66
790,770,2023-05-13,174.79
791,990,2023-03-16,188.99
792,282,2023-02-09,245.72
793,537,2023-01-01,45.11
794,829,2023-04-11,270.09
795,136,2023-04-26,274.86
796,74,2023-03-22,47.6
797,333,2023-04-13,189.39
798,263,2023-01-05,104.06
799,525,2023-03-09,52.98
800,304,2023-05-20,246.71
801,854,2023-01-05,404.8
802,935,2023-02-07,274.06
803,795,2023-05-14,28.15
804,482,2023-02-27,172.77
805,21,2023-01-24,50.49
806,904,2023-02-14,113.11
807,275,2023-05-10,408.75
808,422,2023-02-07,266.09
809,711,2023-01-06,41.71
810,627,2023-03-24,43.29
811,624,2023-06-18,127.2
812,276,2023-03-24,53.2
813,789,2023-06-19,25.82
814,622,2023-04-21,51.78
815,865,2023-04-20,252.7
816,280,2023-05-16,84.77
817,113,2023-03-05,286.51
818,277,2023-02-12,206.84
819,937,2023-05-01,163.44
820,772,2023-01-15,118.23
821,307,2023-04-25,351.82
822,511,2023-05-01,295.06
823,587,2023-06-21,477.6
824,345,2023-03-22,29.04
825,562,2023-05-27,321.41
826,443,2023-01-05,335.77
827,257,2023-01-06,364.27
828,829,2023-03-05,332.32
829,93,2023-01-26,131.97
830,782,2023-03-17,308.22
831,626,2023-02-11,269.88
832,320,2023-01-15,111.78
833,578,2023-02-02,129.13
834,483,2023-06-15,339.19
835,372,2023-03-18,229.66
836,117,2023-05-12,478.72
837,921,2023-06-10,52.01
838,931,2023-04-24,148.31
839,207,2023-06-17,366.38
840,742,2023-01-17,270.55
841,806,2023-02-27,311.06
842,714,2023-06-17,439.42
843,109,2023-05-26,470.03
844,663,2023-05-14,96.4
845,440,2023-02-06,486.12
846,740,2023-01-24,328.56
847,775,2023-05-13,363.89
848,859,2023-03-06,240.44
849,215,2023-04-10,465.48
850,198,2023-01-28,491.45
851,187,2023-06-01,204.3
852,658,2023-05-07,335.46
853,832,2023-06-03,198.33
854,480,2023-05-26,386.89
855,798,2023-05-17,91.8
856,842,2023-02-13,415.2
857,638,2023-03-19,169.96
858,956,2023-05-19,421.27
859,472,2023-04-05,133.07
860,486,2023-06-05,125.63
861,969,2023-01-15,319.84
862,906,2023-05-01,490.73
863,848,2023-02-08,246.33
864,833,2023-05-02,37.24
865,894,2023-04-11,415.48
866,459,2023-06-18,321.29
867,288,2023-01-22,446.51
868,721,2023-04-15,298.84
869,456,2023-03-03,321.02
870,208,2023-04-16,170.7
871,839,2023-05-17,57.15
872,41,2023-05-18,319.67
873,527,2023-04-24,120.86
874,329,2023-01-12,299.93
875,595,2023-04-20,47.88
876,624,2023-03-12,264.77
877,415,2023-06-21,207.49
878,564,2023-05-07,262.65
879,538,2023-05-15,217.29
880,18,2023-01-28,94.67
881,155,2023-06-16,211.32
882,112,2023-02-19,211.59
883,806,2023-02-04,469.11
884,871,2023-06-20,33.37
885,900,2023-03-24,62.34
886,581,2023-05-04,94.25
887,660,2023-06-26,279.21
888,781,2023-04-28,334.72
889,836,2023-01-17,388.17
890,8,2023-01-21,417.21
891,871,2023-04-13,363.33
892,49,2023-05-02,439.08
893,493,2023-04-19,83.34
894,397,2023-02-19,286.32
895,230,2023-05-20,448.86
896,953,2023-03-23,265.46
897,924,2023-04-22,165.82
898,324,2023-04-02,136.45
899,472,2023-01-14,255.6
900,532,2023-05-20,218.61
901,998,2023-06-28,128.14
902,457,2023-02-11,190.07
903,242,2023-01-26,253.68
904,861,2023-06-04,387.65
905,338,2023-06-07,68.07
906,865,2023-03-21,40.5
907,34,2023-03-15,344.54
908,538,2023-03-05,328.98
909,899,2023-04-20,309.68
910,728,2023-06-08,267.96
911,377,2023-03-09,41.46
912,996,2023-05-18,120.43
913,910,2023-01-10,50.67
914,719,2023-04-02,332.67
915,233,2023-01-25,93.14
916,51,2023-06-26,174.9
917,455,2023-02-13,277.16
918,403,2023-01-11,321.34
919,39,2023-05-20,55.83
920,894,2023-05-21,230.2
921,55,2023-04-20,234.28
922,310,2023-02-08,326.63
923,525,2023-06-09,191.44
924,485,2023-03-09,217.77
925,937,2023-05-26,160.85
926,744,2023-02-27,390.63
927,68,2023-04-10,410.91
928,628,2023-04-07,470.06
929,511,2023-03-16,124.94
930,122,2023-05-22,119.99
931,375,2023-03-19,473.55
932,616,2023-04-23,460.16
933,450,2023-06-22,90.71
934,985,2023-02-04,264.34
935,728,2023-05-25,376.66
936,91,2023-01-05,291.17
937,723,2023-03-18,196.78
938,842,2023-06-10,328.42
939,93,2023-02-08,104.02
940,382,2023-04-28,496.48
941,757,2023-01-18,186.54
942,444,2023-03-18,138.77
943,933,2023-04-01,474.43
944,394,2023-02-10,159.99
945,181,2023-04-23,142.21
946,648,2023-06-04,185.78
947,666,2023-05-12,281.49
948,759,2023-01-21,253.79
949,453,2023-05-04,223.85
950,166,2023-01-11,26.3
951,97,2023-02-03,266.54
952,662,2023-04-19,284.87
953,782,2023-03-04,129.4
954,492,2023-03-27,151.26
955,723,2023-04-23,446.89
956,209,2023-05-09,412.3
957,295,2023-06-16,409.21
958,606,2023-01-24,498.19
959,415,2023-06-28,80.18
960,248,2023-03-22,325.72
961,832,2023-02-25,468.43
962,650,2023-02-14,481.64
963,744,2023-03-24,34.19
964,839,2023-06-19,204.55
965,194,2023-02-04,287.76
966,127,2023-04-13,237.16
967,426,2023-05-24,201.23
968,2,2023-04-14,477.22
969,938,2023-02-11,378.37
970,973,2023-02-09,103.47
971,859,2023-01-05,400.85
972,226,2023-02-05,346.42
973,41,2023-03-20,302.42
974,996,2023-01-07,368.1
975,432,2023-04-18,125.94
976,17,2023-04-12,316.25
977,630,2023-01-16,434.84
978,312,2023-01-11,91.87
979,281,2023-03-27,213.73
980,217,2023-03-01,316.06
981,65,2023-02-25,432.01
982,930,2023-04-10,428.7
983,144,2023-03-14,443.21
984,563,2023-04-27,45.22
985,132,2023-04-08,255.02
986,599,2023-04-07,51.91
987,391,2023-03-24,454.21
988,597,2023-05-21,180.73
989,702,2023-02-21,107.7
990,270,2023-04-13,428.39
991,27,2023-01-10,311.77
992,942,2023-02-28,485.0
993,184,2023-05-11,21.19
994,66,2023-06-26,180.57
995,852,2023-06-24,489.81
996,700,2023-03-25,158.5
997,145,2023-03-18,211.68
998,235,2023-02-18,457.09
999,774,2023-05-01,164.33
1000,948,2023-02-08,51.73
1001,757,2023-03-09,201.43
1002,494,2023-06-03,199.42
1003,153,2023-03-19,418.14
1004,714,2023-03-03,74.94
1005,478,2023-05-15,272.47
1006,66,2023-05-27,172.07
1007,297,2023-02-28,350.34
1008,250,2023-01-19,174.67
1009,436,2023-04-16,332.3
1010,716,2023-01-17,113.27
1011,53,2023-05-26,199.51
1012,549,2023-01-04,367.08
1013,212,2023-04-08,61.17
1014,961,2023-05-03,175.79
1015,493,2023-01-09,129.84
1016,107,2023-05-14,102.0
1017,80,2023-01-16,403.25
1018,630,2023-05-15,66.71
1019,328,2023-06-13,322.81
1020,780,2023-04-10,81.86
1021,658,2023-04-27,45.38
1022,147,2023-05-21,422.17
1023,203,2023-04-27,297.53
1024,382,2023-02-26,366.31
1025,201,2023-03-06,359.23
1026,190,2023-01-13,35.96
1027,515,2023-02-02,108.81
1028,663,2023-04-28,180.92
1029,20,2023-06-11,456.78
1030,142,2023-06-11,459.45
1031,99,2023-02-10,375.63
1032,414,2023-03-26,93.63
1033,323,2023-04-16,37.6
1034,603,2023-01-09,173.48
1035,881,2023-05-05,29.16
1036,211,2023-04-14,448.56
1037,139,2023-06-17,87.51
1038,328,2023-02-09,37.93
1039,134,2023-02-28,489.11
1040,382,2023-02-22,104.53
1041,98,2023-04-05,334.41
1042,48,2023-06-24,314.7
1043,263,2023-01-04,383.92
1044,590,2023-05-10,120.36
1045,179,2023-01-07,129.36
1046,979,2023-03-06,268.17
1047,250,2023-01-26,123.05
1048,853,2023-06-20,142.0
1049,130,2023-04-22,155.99
1050,410,2023-02-10,109.12
1051,625,2023-03-25,406.0
1052,178,2023-04-14,400.66
1053,440,2023-03-19,265.76
1054,56,2023-02-09,103.46
1055,366,2023-06-26,300.0
1056,652,2023-02-14,380.17
1057,888,2023-06-16,320.05
1058,564,2023-02-09,337.7
1059,637,2023-06-21,193.05
1060,415,2023-04-27,131.39
1061,393,2023-01-11,350.41
1062,577,2023-04-12,410.76
1063,919,2023-01-09,254.2
1064,253,2023-04-06,197.47
1065,939,2023-06-17,49.08
1066,273,2023-04-14,164.07
1067,225,2023-04-26,496.46
1068,715,2023-02-13,427.52
1069,453,2023-03-06,158.5
1070,737,2023-03-25,209.03
1071,214,2023-03-22,132.0
1072,717,2023-05-19,355.4
1073,902,2023-04-05,385.71
1074,766,2023-05-18,446.35
1075,899,2023-02-05,159.03
1076,506,2023-06-25,495.15
1077,347,2023-05-05,162.95
1078,469,2023-04-03,95.19
1079,974,2023-06-23,468.33
1080,954,2023-02-24,320.14
1081,963,2023-02-11,150.3
1082,337,2023-06-10,217.2
1083,685,2023-05-24,226.0
1084,104,2023-05-01,218.22
1085,304,2023-04-24,278.43
1086,243,2023-05-16,303.31
1087,778,2023-05-20,380.98
1088,426,2023-05-26,335.49
1089,690,2023-01-12,433.01
1090,919,2023-05-03,68.72
1091,473,2023-05-21,114.43
1092,510,2023-01-01,137.52
1093,61,2023-02-16,82.78
1094,851,2023-04-23,99.7
1095,629,2023-01-04,151.46
1096,568,2023-04-27,251.35
1097,144,2023-06-01,286.85
1098,213,2023-04-24,152.05
1099,293,2023-01-05,490.02
1100,787,2023-04-26,114.3
1101,407,2023-03-26,391.17
1102,859,2023-02-11,328.37
1103,852,2023-02-24,297.51
1104,720,2023-06-06,206.53
1105,211,2023-03-12,380.31
1106,143,2023-02-20,72.26
1107,603,2023-06-19,433.08
1108,405,2023-06-10,25.45
1109,681,2023-05-09,262.7
1110,658,2023-01-22,72.72
1111,736,2023-04-23,457.3
1112,636,2023-03-19,240.88
1113,27,2023-04-15,495.0
1114,230,2023-04-22,446.72
1115,114,2023-02-11,125.92
1116,111,2023-01-04,478.85
1117,585,2023-02-12,396.93
1118,736,2023-01-04,212.65
1119,749,2023-02-19,308.78
1120,84,2023-05-02,385.48
1121,996,2023-02-08,131.18
1122,682,2023-03-07,248.59
1123,820,2023-04-27,251.37
1124,814,2023-02-22,151.34
1125,577,2023-01-10,41.88
1126,91,2023-05-26,351.85
1127,886,2023-06-02,478.41
1128,39,2023-04-16,308.24
1129,94,2023-01-09,456.18
1130,290,2023-01-13,25.0
1131,679,2023-05-21,360.98
1132,49,2023-06-03,390.4
1133,166,2023-03-21,451.5
1134,851,2023-01-05,274.23
1135,122,2023-04-28,220.16
1136,766,2023-04-18,499.64
1137,253,2023-01-20,309.07
1138,866,2023-03-05,78.56
1139,761,2023-02-09,260.93
1140,910,2023-03-10,285.69
1141,203,2023-02-02,120.57
1142,490,2023-01-14,49.46
1143,858,2023-05-22,66.16
1144,557,2023-05-04,118.6
1145,807,2023-04-02,58.32
1146,905,2023-04-04,430.5
1147,209,2023-01-26,257.85
1148,597,2023-02-26,358.6
1149,837,2023-06-10,464.59
1150,476,2023-01-05,165.66
1151,994,2023-06-28,22.07
1152,91,2023-05-18,405.44
1153,861,2023-03-03,77.23
1154,307,2023-05-15,428.52
1155,957,2023-03-05,456.15
1156,623,2023-06-03,390.85
1157,523,2023-02-14,248.69
1158,881,2023-03-16,202.67
1159,245,2023-04-07,310.49
1160,39,2023-05-26,482.71
1161,994,2023-06-16,164.8
1162,126,2023-01-22,493.22
1163,657,2023-05-10,101.27
1164,899,2023-02-04,187.21
1165,85,2023-01-03,360.79
1166,421,2023-03-07,179.12
1167,678,2023-05-22,228.0
1168,562,2023-02-13,51.89
1169,172,2023-03-27,185.31
1170,509,2023-03-06,383.68
1171,3,2023-06-10,448.84
1172,499,2023-02-21,194.38
1173,725,2023-06-26,51.2
1174,722,2023-04-19,280.55
1175,937,2023-05-09,269.89
1176,290,2023-03-14,207.4
1177,613,2023-05-19,491.35
1178,109,2023-02-02,34.7
1179,349,2023-05-21,356.36
1180,680,2023-04-15,186.98
1181,797,2023-04-07,195.5
1182,873,2023-05-10,445.53
1183,89,2023-02-15,326.31
1184,137,2023-04-05,207.06
1185,27,2023-06-12,214.44
1186,488,2023-03-13,439.5
1187,302,2023-01-22,40.56
1188,228,2023-06-09,73.39
1189,664,2023-01-27,201.48
1190,42,2023-04-28,106.42
1191,828,2023-06-17,233.64
1192,654,2023-01-01,21.65
1193,61,2023-04-14,279.92
1194,824,2023-06-09,494.37
1195,145,2023-01-16,85.08
1196,197,2023-01-16,215.67
1197,360,2023-05-24,73.43
1198,147,2023-06-06,87.2
1199,570,2023-05-05,106.87
1200,285,2023-02-10,26.32
1201,539,2023-04-11,435.84
1202,606,2023-02-12,499.96
1203,280,2023-05-10,35.34
1204,568,2023-01-02,368.62
1205,119,2023-03-15,310.56
1206,105,2023-02-12,447.16
1207,356,2023-06-04,469.29
1208,969,2023-06-01,416.5
1209,799,2023-03-07,172.97
1210,659,2023-04-05,99.07
1211,846,2023-05-19,83.0
1212,297,2023-01-26,466.15
1213,681,2023-01-21,356.1
1214,42,2023-03-16,287.13
1215,247,2023-05-25,242.89
1216,18,2023-01-05,464.78
1217,105,2023-01-01,449.58
1218,730,2023-05-10,456.82
1219,628,2023-03-08,164.62
1220,806,2023-03-28,384.35
1221,953,2023-05-25,455.07
1222,570,2023-06-09,158.2
1223,751,2023-04-26,237.98
1224,180,2023-06-05,284.29
1225,569,2023-01-21,264.77
1226,228,2023-05-08,30.83
1227,573,2023-03-16,491.04
1228,690,2023-06-23,484.67
1229,792,2023-02-15,287.99
1230,228,2023-01-22,90.04
1231,736,2023-06-20,368.18
1232,926,2023-04-09,466.96
1233,611,2023-02-27,365.84
1234,340,2023-05-01,173.09
1235,937,2023-05-11,479.75
1236,586,2023-04-26,198.6
1237,558,2023-03-23,388.71
1238,755,2023-03-06,296.44
1239,988,2023-01-27,221.17
1240,707,2023-04-19,326.06
1241,533,2023-03-12,449.05
1242,16,2023-05-26,280.75
1243,398,2023-04-03,369.39
1244,240,2023-03-14,240.65
1245,455,2023-04-25,151.22
1246,148,2023-01-03,211.56
1247,229,2023-04-14,64.75
1248,307,2023-04-22,288.87
1249,367,2023-05-18,48.12
1250,288,2023-02-21,29.84
1251,631,2023-02-16,366.99
1252,870,2023-05-06,327.27
1253,471,2023-04-10,149.29
1254,331,2023-04-28,456.51
1255,189,2023-01-18,155.35
1256,257,2023-02-24,87.6
1257,5,2023-02-07,164.71
1258,727,2023-01-09,58.41
1259,339,2023-02-10,73.09
1260,408,2023-03-08,472.3
1261,347,2023-05-04,177.26
1262,980,2023-03-15,155.26
1263,855,2023-05-01,204.4
1264,16,2023-04-19,408.32
1265,464,2023-02-09,98.98
1266,219,2023-01-08,498.44
1267,814,2023-02-22,89.31
1268,368,2023-03-22,307.9
1269,330,2023-02-08,427.2
1270,143,2023-06-18,462.38
1271,287,2023-05-13,128.65
1272,446,2023-01-27,87.11
1273,707,2023-04-06,454.31
1274,162,2023-05-20,63.51
1275,161,2023-01-16,161.84
1276,28,2023-05-05,418.03
1277,555,2023-03-03,215.49
1278,247,2023-02-04,192.41
1279,392,2023-05-06,451.93
1280,855,2023-05-07,247.92
1281,130,2023-01-13,126.22
1282,221,2023-03-25,35.85
1283,161,2023-01-27,130.7
1284,799,2023-05-02,164.99
1285,47,2023-03-01,108.77
1286,50,2023-04-04,342.28
1287,250,2023-01-19,134.89
1288,502,2023-02-12,317.12
1289,64,2023-05-16,60.68
1290,189,2023-01-02,330.14
1291,441,2023-06-19,331.05
1292,862,2023-01-13,90.19
1293,694,2023-03-13,363.46
1294,527,2023-03-23,256.27
1295,615,2023-06-12,189.87
1296,594,2023-03-01,369.01
1297,233,2023-05-26,451.29
1298,353,2023-01-10,401.08
1299,140,2023-06-26,489.16
1300,395,2023-06-08,59.77
1301,939,2023-06-21,244.99
1302,340,2023-05-25,56.23
1303,295,2023-04-10,231.72
1304,758,2023-02-15,26.17
1305,776,2023-01-20,161.94
1306,717,2023-03-07,345.29
1307,998,2023-01-03,341.64
1308,729,2023-04-14,485.21
1309,182,2023-04-11,48.04
1310,778,2023-06-16,331.09
1311,803,2023-04-03,80.01
1312,842,2023-05-06,285.81
1313,561,2023-06-21,174.15
1314,817,2023-01-14,337.85
1315,136,2023-06-20,48.74
1316,401,2023-02-03,344.08
1317,950,2023-04-21,282.61
1318,846,2023-04-01,205.46
1319,344,2023-04-21,225.24
1320,701,2023-02-05,92.56
1321,600,2023-04-04,278.79
1322,388,2023-02-03,437.12
1323,663,2023-06-17,365.82
1324,934,2023-05-12,218.76
1325,867,2023-04-03,59.9
1326,23,2023-02-20,169.55
1327,251,2023-01-01,470.7
1328,931,2023-04-27,181.59
1329,579,2023-02-19,381.12
1330,720,2023-06-05,439.38
1331,266,2023-06-03,119.45
1332,642,2023-04-12,307.73
1333,628,2023-05-28,202.45
1334,774,2023-02-05,486.03
1335,503,2023-05-23,143.77
1336,700,2023-06-18,116.82
1337,74,2023-04-14,184.4
1338,143,2023-03-07,461.29
1339,282,2023-01-04,67.21
1340,398,2023-06-28,34.56
1341,403,2023-03-06,356.16
1342,887,2023-03-06,226.92
1343,66,2023-02-28,445.99
1344,287,2023-02-16,107.88
1345,828,2023-03-12,125.89
1346,375,2023-02-16,476.09
1347,770,2023-06-13,170.73
1348,421,2023-04-20,245.25
1349,301,2023-03-17,231.82
1350,286,2023-05-14,96.68
1351,851,2023-05-10,359.92
1352,641,2023-01-01,167.28
1353,424,2023-02-11,22.79
1354,429,2023-05-05,485.93
1355,342,2023-03-13,276.24
1356,56,2023-01-05,412.84
1357,459,2023-04-25,80.66
1358,612,2023-04-23,256.25
1359,23,2023-02-24,173.4
1360,221,2023-05-15,300.47
1361,888,2023-03-22,441.12
1362,113,2023-02-03,82.88
1363,673,2023-03-14,436.96
1364,807,2023-03-01,109.3
1365,473,2023-02-10,448.63
1366,876,2023-05-28,351.0
1367,7,2023-06-22,370.36
1368,741,2023-03-12,486.78
1369,141,2023-05-15,431.83
1370,299,2023-03-04,434.73
1371,25,2023-06-21,44.93
1372,543,2023-02-08,331.87
1373,569,2023-02-03,160.45
1374,971,2023-06-27,474.48
1375,456,2023-02-25,136.65
1376,711,2023-06-24,442.8
1377,277,2023-01-19,355.38
1378,405,2023-03-03,364.53
1379,456,2023-04-13,387.65
1380,646,2023-01-13,114.62
1381,884,2023-02-22,87.5
1382,116,2023-05-14,116.22
1383,846,2023-01-05,443.97
1384,862,2023-02-01,414.42
1385,300,2023-01-24,344.43
1386,837,2023-05-09,80.72
1387,557,2023-03-25,483.05
1388,218,2023-02-07,496.57
1389,591,2023-04-28,236.65
1390,522,2023-04-01,474.56
1391,416,2023-02-23,279.32
1392,88,2023-04-24,375.23
1393,873,2023-06-07,202.97
1394,622,2023-03-21,345.05
1395,614,2023-03-14,440.82
1396,380,2023-02-01,289.9
1397,854,2023-04-09,292.76
1398,150,2023-01-04,436.2
1399,888,2023-03-20,197.4
1400,384,2023-01-19,466.65
1401,912,2023-01-27,333.48
1402,340,2023-01-03,71.97
1403,354,2023-03-13,72.67
1404,726,2023-05-23,351.64
1405,50,2023-06-02,279.63
1406,591,2023-02-17,372.2
1407,37,2023-06-25,369.56
1408,63,2023-03-09,326.27
1409,66,2023-03-02,150.53
1410,522,2023-03-13,204.78
1411,854,2023-03-03,349.81
1412,671,2023-03-07,270.77
1413,223,2023-01-09,267.22
1414,361,2023-04-10,239.88
1415,640,2023-05-02,114.6
1416,413,2023-06-01,69.49
1417,459,2023-05-11,203.09
1418,462,2023-01-16,423.58
1419,986,2023-05-09,37.32
1420,474,2023-05-02,94.29
1421,621,2023-06-04,214.3
1422,721,2023-05-23,288.2
1423,447,2023-02-16,356.83
1424,951,2023-01-04,195.59
1425,530,2023-04-14,490.86
1426,585,2023-04-04,60.89
1427,450,2023-04-27,419.17
1428,534,2023-03-19,373.2
1429,424,2023-02-22,115.62
1430,737,2023-01-16,437.5
1431,993,2023-03-28,33.48
1432,262,2023-05-07,199.96
1433,603,2023-03-21,278.78
1434,723,2023-03-14,177.03
1435,374,2023-02-18,197.42
1436,608,2023-02-08,297.68
1437,398,2023-05-06,155.5
1438,480,2023-04-22,88.17
1439,45,2023-06-16,180.87
1440,834,2023-01-22,178.52
1441,497,2023-03-14,225.32
1442,835,2023-05-28,119.85
1443,528,2023-02-01,92.78
1444,846,2023-03-07,95.64
1445,394,2023-04-06,249.92
1446,663,2023-04-19,288.88
1447,654,2023-02-09,171.99
1448,63,2023-03-26,374.55
1449,531,2023-02-11,80.38
1450,992,2023-03-10,224.71
1451,479,2023-02-01,405.82
1452,578,2023-02-01,276.88
1453,863,2023-04-05,445.28
1454,849,2023-01-21,239.21
1455,865,2023-02-18,435.21
1456,481,2023-02-16,400.81
1457,119,2023-04-24,476.06
1458,144,2023-01-25,260.61
1459,493,2023-03-05,352.78
1460,204,2023-06-17,462.34
1461,9,2023-01-25,309.22
1462,50,2023-04-03,90.28
1463,145,2023-02-23,431.62
1464,501,2023-02-10,344.07
1465,358,2023-02-22,482.87
1466,842,2023-06-22,252.05
1467,481,2023-06-22,234.58
1468,951,2023-01-25,317.14
1469,695,2023-06-14,468.64
1470,111,2023-05-19,322.83
1471,445,2023-04-12,360.69
1472,789,2023-03-25,211.41
1473,622,2023-04-14,162.08
1474,537,2023-05-24,347.01
1475,273,2023-02-07,158.03
1476,376,2023-01-01,315.2
1477,860,2023-02-06,469.36
1478,389,2023-03-05,493.48
1479,800,2023-06-23,194.97
1480,712,2023-04-20,116.14
1481,594,2023-02-05,422.14
1482,639,2023-01-25,144.02
1483,371,2023-06-01,240.15
1484,250,2023-06-10,249.56
1485,343,2023-04-02,385.89
1486,118,2023-04-26,327.46
1487,719,2023-01-11,37.83
1488,726,2023-01-02,53.24
1489,517,2023-02-14,24.28
1490,574,2023-01-05,212.64
1491,268,2023-05-23,120.29
1492,885,2023-04-11,306.98
1493,327,2023-05-28,117.59
1494,212,2023-03-17,260.19
1495,615,2023-03-16,449.33
1496,413,2023-02-04,156.17
1497,259,2023-04-19,63.82
1498,728,2023-04-08,485.74
1499,397,2023-05-14,492.78
1500,832,2023-03-22,419.24
1501,94,2023-02-01,440.77
1502,674,2023-04-23,86.58
1503,798,2023-04-14,195.14
1504,552,2023-05-05,168.98
1505,607,2023-03-09,431.99
1506,132,2023-02-24,259.07
1507,36,2023-03-01,38.91
1508,145,2023-06-24,344.14
1509,51,2023-01-18,207.74
1510,387,2023-01-10,339.94
1511,25,2023-01-11,61.29
1512,214,2023-05-25,182.2
1513,411,2023-02-16,441.16
1514,901,2023-06-07,370.22
1515,241,2023-06-23,368.24
1516,932,2023-03-14,425.61
1517,781,2023-02-13,307.17
1518,929,2023-02-26,26.17
1519,604,2023-01-02,366.74
1520,603,2023-01-17,413.96
1521,534,2023-02-03,285.46
1522,964,2023-01-24,21.7
1523,991,2023-03-28,415.5
1524,972,2023-01-06,272.83
1525,286,2023-02-11,355.53
1526,966,2023-01-11,281.0
1527,700,2023-05-25,106.26
1528,51,2023-01-20,375.01
1529,455,2023-03-23,125.9
1530,789,2023-04-14,62.49
1531,939,2023-04-13,101.79
1532,831,2023-06-01,265.69
1533,691,2023-01-05,492.82
1534,358,2023-06-14,269.56
1535,916,2023-05-10,394.31
1536,868,2023-06-09,389.17
1537,736,2023-01-28,186.79
1538,884,2023-02-03,496.88
1539,698,2023-01-02,490.15
1540,760,2023-05-07,343.68
1541,444,2023-02-01,433.77
1542,634,2023-04-07,310.24
1543,97,2023-05-10,489.79
1544,765,2023-05-19,493.97
1545,621,2023-03-05,340.29
1546,752,2023-02-16,499.38
1547,746,2023-03-21,33.82
1548,438,2023-01-13,409.9
1549,522,2023-04-23,436.05
1550,920,2023-04-16,211.1
1551,830,2023-02-22,274.77
1552,443,2023-02-14,464.88
1553,683,2023-05-17,454.9
1554,671,2023-03-01,62.14
1555,166,2023-04-25,395.51
1556,163,2023-04-13,102.51
1557,455,2023-02-14,227.48
1558,12,2023-05-27,351.74
1559,459,2023-05-23,350.14
1560,405,2023-06-13,61.1
1561,939,2023-03-06,109.89
1562,732,2023-06-20,344.47
1563,299,2023-05-20,20.32
1564,326,2023-05-19,136.08
1565,332,2023-05-18,70.96
1566,477,2023-03-20,248.78
1567,618,2023-02-14,174.9
1568,563,2023-04-13,162.27
1569,760,2023-02-18,197.29
1570,947,2023-05-01,172.2
1571,298,2023-01-23,471.77
1572,914,2023-01-25,231.59
1573,597,2023-04-11,251.77
1574,843,2023-02-19,53.59
1575,884,2023-02-19,479.49
1576,821,2023-03-28,210.31
1577,83,2023-01-18,275.78
1578,316,2023-06-04,423.93
1579,894,2023-05-14,38.9
1580,5,2023-06-12,391.46
1581,277,2023-06-20,108.15
1582,536,2023-05-23,326.53
1583,504,2023-04-18,420.93
1584,51,2023-03-21,242.27
1585,793,2023-06-08,328.43
1586,127,2023-02-19,114.16
1587,349,2023-01-24,441.05
1588,520,2023-06-01,50.63
1589,506,2023-04-27,320.27
1590,993,2023-03-06,294.38
1591,616,2023-01-13,337.55
1592,166,2023-03-05,497.82
1593,620,2023-02-28,110.74
1594,575,2023-02-27,77.15
1595,43,2023-01-13,100.71
1596,655,2023-01-26,477.07
1597,832,2023-02-01,471.4
1598,395,2023-03-26,102.93
1599,266,2023-06-23,223.27
1600,373,2023-06-26,295.62
1601,753,2023-02-16,473.69
1602,715,2023-06-10,497.19
1603,707,2023-03-16,444.38
1604,284,2023-01-26,328.16
1605,985,2023-03-13,474.1
1606,695,2023-05-12,452.62
1607,390,2023-04-09,43.86
1608,371,2023-05-16,398.71
1609,382,2023-06-10,141.51
1610,68,2023-02-09,178.55
1611,918,2023-03-13,334.55
1612,429,2023-05-18,338.08
1613,683,2023-03-28,266.77
1614,204,2023-06-28,148.48
1615,235,2023-03-18,375.88
1616,968,2023-06-12,334.36
1617,427,2023-04-21,96.81
1618,402,2023-04-07,228.4
1619,158,2023-03-17,170.33
1620,472,2023-01-28,338.24
1621,5,2023-04-12,271.77
1622,163,2023-05-20,159.55
1623,625,2023-06-14,390.3
1624,665,2023-05-07,335.31
1625,999,2023-03-10,137.05
1626,708,2023-06-14,498.47
1627,365,2023-03-28,277.07
1628,313,2023-01-25,367.55
1629,739,2023-03-26,48.6
1630,276,2023-01-20,103.94
1631,843,2023-04-15,99.29
1632,288,2023-01-02,239.79
1633,201,2023-02-25,309.68
1634,458,2023-05-02,354.53
1635,146,2023-02-24,255.21
1636,808,2023-05-11,149.43
1637,703,2023-03-22,321.87
1638,30,2023-01-08,289.87
1639,573,2023-01-14,86.1
1640,693,2023-03-04,190.09
1641,5,2023-02-23,354.66
1642,190,2023-03-11,31.12
1643,352,2023-05-04,169.59
1644,476,2023-02-03,86.85
1645,704,2023-05-09,390.45
1646,230,2023-06-22,131.62
1647,777,2023-04-20,432.07
1648,739,2023-03-07,57.76
1649,245,2023-06-04,73.6
1650,282,2023-06-12,296.53
1651,907,2023-02-13,191.83
1652,565,2023-04-27,146.81
1653,928,2023-04-27,344.31
1654,114,2023-02-26,340.56
1655,508,2023-06-02,271.31
1656,733,2023-02-17,112.37
1657,351,2023-06-12,187.31
1658,442,2023-01-09,323.32
1659,931,2023-01-26,309.74
1660,332,2023-06-03,300.61
1661,924,2023-01-03,248.79
1662,321,2023-03-12,417.82
1663,716,2023-06-08,350.55
1664,486,2023-01-25,220.58
1665,426,2023-02-18,425.7
1666,257,2023-04-07,138.78
1667,144,2023-04-04,498.89
1668,488,2023-01-22,172.38
1669,781,2023-03-14,365.19
1670,264,2023-06-06,385.3
1671,30,2023-01-06,381.56
1672,524,2023-05-09,272.35
1673,15,2023-06-15,208.28
1674,435,2023-05-20,467.8
1675,853,2023-05-08,60.24
1676,865,2023-04-08,29.69
1677,973,2023-02-20,306.9
1678,964,2023-01-14,377.47
1679,730,2023-01-10,181.08
1680,605,2023-03-24,315.46
1681,129,2023-05-05,460.49
1682,452,2023-06-23,367.32
1683,971,2023-02-22,405.84
1684,801,2023-02-25,123.35
1685,942,2023-02-27,392.19
1686,316,2023-05-17,479.49
1687,93,2023-05-12,428.1
1688,59,2023-06-10,332.1
1689,249,2023-02-12,311.75
1690,880,2023-04-10,195.81
1691,805,2023-06-05,285.43
1692,262,2023-06-08,71.39
1693,380,2023-02-16,193.67
1694,621,2023-04-13,243.95
1695,340,2023-05-03,72.9
1696,293,2023-03-19,31.66
1697,88,2023-06-09,113.16
1698,663,2023-05-28,359.48
1699,630,2023-03-08,229.22
1700,87,2023-03-08,459.37
1701,161,2023-01-22,333.52
1702,122,2023-06-19,252.23
1703,17,2023-06-21,71.46
1704,118,2023-04-05,347.99
1705,400,2023-06-15,310.38
1706,463,2023-03-26,50.83
1707,115,2023-02-28,97.63
1708,86,2023-04-05,348.95
1709,501,2023-06-02,370.95
1710,161,2023-02-27,316.91
1711,407,2023-01-19,283.97
1712,454,2023-05-03,397.69
1713,797,2023-02-22,241.04
1714,368,2023-04-04,390.98
1715,463,2023-02-19,266.65
1716,300,2023-04-01,232.19
1717,634,2023-03-28,305.53
1718,202,2023-06-03,199.12
1719,53,2023-01-09,151.6
1720,7,2023-01-26,494.33
1721,761,2023-02-25,330.18
1722,569,2023-05-08,289.02
1723,763,2023-05-02,445.79
1724,57,2023-03-21,186.19
1725,410,2023-02-20,171.78
1726,244,2023-04-25,210.37
1727,9,2023-06-25,42.81
1728,211,2023-05-25,365.04
1729,471,2023-03-14,348.73
1730,71,2023-06-12,162.85
1731,246,2023-05-23,367.33
1732,46,2023-04-18,262.39
1733,681,2023-01-08,418.45
1734,50,2023-02-15,102.81
1735,288,2023-03-04,136.97
1736,318,2023-04-02,68.26
1737,241,2023-02-05,21.4
1738,371,2023-05-22,282.51
1739,564,2023-02-06,35.13
1740,79,2023-06-07,348.87
1741,742,2023-06-13,271.03
1742,862,2023-06-14,126.69
1743,693,2023-01-08,277.99
1744,961,2023-06-22,61.26
1745,756,2023-06-16,495.37
1746,768,2023-04-20,26.06
1747,664,2023-05-19,359.09
1748,48,2023-04-14,251.43
1749,83,2023-01-01,189.72
1750,800,2023-03-23,364.29
1751,468,2023-01-16,458.4
1752,575,2023-01-14,135.89
1753,814,2023-03-28,401.25
1754,622,2023-06-22,275.9
1755,470,2023-03-04,106.55
1756,784,2023-01-17,198.23
1757,83,2023-01-25,300.39
1758,312,2023-05-09,403.3
1759,431,2023-03-09,468.68
1760,405,2023-05-16,88.05
1761,118,2023-03-11,206.95
1762,511,2023-05-06,237.69
1763,752,2023-01-08,230.81
1764,774,2023-06-26,75.84
1765,769,2023-06-17,260.23
1766,599,2023-02-28,224.32
1767,760,2023-03-13,71.14
1768,946,2023-04-25,418.01
1769,26,2023-04-18,125.0
1770,470,2023-03-12,257.32
1771,873,2023-01-07,281.35
1772,843,2023-05-16,378.77
1773,223,2023-01-06,370.13
1774,780,2023-06-21,465.26
1775,71,2023-03-22,202.77
1776,908,2023-03-10,397.98
1777,210,2023-04-06,257.23
1778,975,2023-06-07,20.41
1779,469,2023-06-04,54.38
1780,306,2023-04-25,66.45
1781,384,2023-02-21,342.05
1782,116,2023-02-10,265.45
1783,755,2023-05-13,495.37
1784,426,2023-04-07,445.84
1785,257,2023-03-16,33.06
1786,579,2023-04-11,201.01
1787,495,2023-04-19,265.05
1788,573,2023-01-07,201.15
1789,555,2023-02-01,33.59
1790,943,2023-02-16,347.8
1791,233,2023-06-08,212.75
1792,353,2023-06-27,57.8
1793,149,2023-05-06,378.47
1794,660,2023-06-20,74.54
1795,393,2023-02-16,468.82
1796,66,2023-03-20,127.07
1797,761,2023-01-09,43.94
1798,84,2023-06-05,297.92
1799,526,2023-05-15,101.76
1800,532,2023-02-09,250.31
1801,117,2023-02-01,62.0
1802,969,2023-04-23,300.03
1803,848,2023-04-21,45.65
1804,539,2023-04-11,345.03
1805,745,2023-05-24,399.23
1806,591,2023-05-21,140.98
1807,460,2023-04-10,299.18
1808,166,2023-05-20,47.3
1809,114,2023-02-04,255.36
1810,810,2023-03-18,429.76
1811,756,2023-03-14,190.85
1812,679,2023-01-18,317.51
1813,505,2023-01-01,227.68
1814,875,2023-02-21,404.38
1815,250,2023-06-11,215.06
1816,97,2023-01-14,116.06
1817,979,2023-02-20,241.28
1818,838,2023-03-27,189.15
1819,425,2023-02-24,436.03
1820,624,2023-01-14,306.41
1821,575,2023-04-07,254.24
1822,860,2023-05-03,62.57
1823,728,2023-02-17,429.41
1824,600,2023-05-21,298.77
1825,971,2023-01-13,274.59
1826,782,2023-02-23,42.73
1827,512,2023-02-21,415.18
1828,357,2023-01-14,495.73
1829,176,2023-02-26,347.97
1830,708,2023-01-13,126.47
1831,822,2023-02-14,462.04
1832,882,2023-02-03,245.7
1833,38,2023-05-11,148.53
1834,855,2023-01-10,350.84
1835,168,2023-01-08,248.59
1836,381,2023-05-12,379.87
1837,231,2023-05-25,179.8
1838,991,2023-03-23,222.13
1839,601,2023-02-22,306.9
1840,157,2023-05-25,418.82
1841,751,2023-04-28,153.66
1842,149,2023-02-20,323.42
1843,351,2023-03-25,481.32
1844,72,2023-01-15,408.19
1845,331,2023-05-23,375.09
1846,864,2023-05-03,322.09
1847,432,2023-03-27,256.89
1848,187,2023-02-04,413.07
1849,39,2023-06-07,214.79
1850,239,2023-01-23,280.16
1851,265,2023-05-20,145.34
1852,792,2023-01-27,119.8
1853,97,2023-05-09,172.8
1854,54,2023-03-13,124.46
1855,791,2023-05-08,24.16
1856,678,2023-04-20,211.97
1857,637,2023-06-11,392.08
1858,713,2023-01-21,301.83
1859,808,2023-06-10,193.93
1860,645,2023-05-18,243.11
1861,768,2023-03-24,35.41
1862,720,2023-05-20,435.8
1863,796,2023-01-15,252.06
1864,779,2023-02-11,332.41
1865,66,2023-01-14,212.22
1866,637,2023-01-07,123.58
1867,464,2023-04-07,468.47
1868,124,2023-01-16,352.36
1869,301,2023-04-22,128.65
1870,313,2023-01-23,461.54
1871,175,2023-02-21,102.39
1872,97,2023-06-28,473.65
1873,811,2023-06-20,272.1
1874,63,2023-06-08,409.16
1875,190,2023-04-22,457.93
1876,316,2023-06-08,228.26
1877,103,2023-01-04,447.95
1878,275,2023-06-26,168.8
1879,567,2023-02-10,385.17
1880,685,2023-03-05,341.31
1881,251,2023-01-06,352.7
1882,316,2023-03-01,354.9
1883,916,2023-04-14,188.5
1884,528,2023-01-04,340.79
1885,345,2023-04-22,51.26
1886,822,2023-04-09,23.87
1887,507,2023-05-10,69.46
1888,635,2023-03-07,318.08
1889,479,2023-06-03,450.68
1890,652,2023-01-11,169.3
1891,96,2023-02-10,422.61
1892,521,2023-06-21,319.32
1893,684,2023-02-13,432.84
1894,326,2023-01-01,328.64
1895,186,2023-04-11,315.92
1896,180,2023-06-19,304.94
1897,248,2023-01-21,479.27
1898,444,2023-04-13,361.34
1899,434,2023-05-22,469.54
1900,584,2023-05-06,392.18
1901,393,2023-03-08,131.22
1902,855,2023-01-19,140.02
1903,802,2023-01-21,414.91
1904,856,2023-02-20,344.87
1905,814,2023-05-26,130.64
1906,647,2023-03-05,154.61
1907,435,2023-02-10,21.06
1908,193,2023-06-06,265.95
1909,826,2023-03-14,111.83
1910,620,2023-03-22,268.35
1911,484,2023-02-08,143.53
1912,756,2023-03-04,470.75
1913,627,2023-05-13,229.37
1914,446,2023-03-24,37.9
1915,292,2023-03-26,158.23
1916,393,2023-02-24,289.77
1917,352,2023-05-05,286.15
1918,349,2023-01-15,149.11
1919,168,2023-01-19,433.75
1920,536,2023-05-21,453.64
1921,901,2023-05-12,312.21
1922,9,2023-04-27,323.15
1923,927,2023-02-19,224.92
1924,291,2023-05-28,480.88
1925,99,2023-03-07,174.9
1926,265,2023-04-13,177.51
1927,536,2023-04-04,405.23
1928,607,2023-02-01,38.07
1929,564,2023-05-11,151.5
1930,282,2023-05-15,121.89
1931,661,2023-03-24,370.27
1932,986,2023-04-22,201.1
1933,552,2023-04-14,235.99
1934,17,2023-05-19,143.94
1935,718,2023-04-23,71.12
1936,888,2023-06-01,438.65
1937,867,2023-04-19,44.72
1938,85,2023-03-20,231.35
1939,221,2023-01-01,482.42
1940,974,2023-05-09,402.14
1941,402,2023-06-15,69.26
1942,443,2023-04-27,192.08
1943,347,2023-06-11,20.02
1944,433,2023-01-18,369.43
1945,504,2023-01-22,66.04
1946,909,2023-06-10,145.16
1947,291,2023-06-22,106.74
1948,377,2023-06-07,485.44
1949,590,2023-05-21,492.02
1950,1000,2023-05-11,28.95
1951,18,2023-03-11,384.55
1952,419,2023-06-11,395.14
1953,235,2023-06-19,399.67
1954,139,2023-04-11,169.22
1955,923,2023-06-24,452.58
1956,74,2023-02-26,289.28
1957,602,2023-04-27,357.44
1958,128,2023-02-11,404.74
1959,339,2023-03-02,425.35
1960,247,2023-01-28,347.59
1961,503,2023-05-11,438.22
1962,386,2023-04-24,102.77
1963,74,2023-03-17,496.5
1964,256,2023-06-14,385.08
1965,251,2023-05-21,158.01
1966,890,2023-06-14,432.54
1967,331,2023-01-22,204.97
1968,738,2023-05-12,125.95
1969,871,2023-01-01,389.49
1970,387,2023-02-15,283.65
1971,826,2023-05-11,60.35
1972,778,2023-05-21,120.03
1973,881,2023-03-21,461.92
1974,926,2023-03-05,455.14
1975,537,2023-06-16,240.64
1976,913,2023-04-25,247.93
1977,151,2023-02-13,177.22
1978,221,2023-01-07,378.73
1979,217,2023-03-10,346.4
1980,521,2023-06-20,143.92
1981,736,2023-05-13,378.66
1982,74,2023-02-08,70.38
1983,380,2023-06-05,114.16
1984,489,2023-04-22,222.41
1985,49,2023-06-27,376.54
1986,908,2023-04-08,422.34
1987,366,2023-04-10,154.37
1988,178,2023-04-15,445.35
1989,398,2023-06-14,447.29
1990,321,2023-02-13,233.36
1991,924,2023-06-02,264.53
1992,508,2023-05-20,254.42
1993,792,2023-03-26,257.98
1994,294,2023-03-20,150.86
1995,860,2023-06-08,471.66
1996,602,2023-05-23,180.46
1997,768,2023-03-28,111.32
1998,846,2023-04-26,141.8
1999,488,2023-01-25,396.32
2000,487,2023-04-15,221.55
2001,154,2023-03-01,147.27
2002,479,2023-01-28,250.41
2003,456,2023-03-03,167.9
2004,78,2023-03-07,163.06
2005,213,2023-03-25,246.17
2006,637,2023-06-25,119.82
2007,659,2023-05-02,398.61
2008,285,2023-06-02,294.07
2009,382,2023-06-02,402.23
2010,154,2023-04-12,368.47
2011,270,2023-02-24,159.44
2012,982,2023-03-08,272.16
2013,375,2023-03-21,335.47
2014,936,2023-02-11,477.84
2015,965,2023-02-28,344.88
2016,647,2023-04-14,492.25
2017,883,2023-06-22,386.09
2018,876,2023-01-09,243.88
2019,62,2023-05-24,57.77
2020,599,2023-06-08,411.17
2021,80,2023-06-12,415.75
2022,613,2023-01-20,350.93
2023,409,2023-05-19,303.95
2024,105,2023-03-03,61.65
2025,767,2023-06-11,261.14
2026,412,2023-04-26,465.99
2027,314,2023-04-03,169.74
2028,96,2023-04-15,224.02
2029,419,2023-05-21,386.78
2030,288,2023-05-16,341.09
2031,422,2023-06-15,371.88
2032,801,2023-04-22,332.43
2033,726,2023-04-18,445.01
2034,730,2023-05-01,375.38
2035,615,2023-02-12,213.98
2036,658,2023-05-12,28.05
2037,169,2023-05-03,152.59
2038,4,2023-06-08,351.99
2039,191,2023-06-06,295.64
2040,876,2023-04-14,455.97
2041,493,2023-01-11,153.55
2042,433,2023-06-08,319.11
2043,57,2023-02-05,52.2
2044,91,2023-03-03,123.82
2045,316,2023-05-13,200.53
2046,250,2023-04-10,236.51
2047,93,2023-02-18,303.57
2048,513,2023-03-15,371.95
2049,307,2023-03-06,145.35
2050,193,2023-03-27,81.54
2051,106,2023-03-20,145.98
2052,171,2023-01-24,439.41
2053,493,2023-06-08,395.88
2054,85,2023-06-08,422.39
2055,773,2023-05-24,347.34
2056,888,2023-04-14,168.85
2057,209,2023-04-16,165.17
2058,79,2023-01-07,460.96
2059,145,2023-05-22,110.19
2060,274,2023-03-17,199.47
2061,835,2023-04-25,172.77
2062,637,2023-01-12,120.82
2063,654,2023-05-25,278.22
2064,564,2023-02-23,77.09
2065,638,2023-05-11,184.99
2066,536,2023-05-02,408.25
2067,813,2023-03-23,445.37
2068,568,2023-01-06,486.14
2069,532,2023-04-11,193.28
2070,777,2023-01-13,241.14
2071,211,2023-05-06,123.26
2072,546,2023-01-19,125.76
2073,734,2023-05-03,282.91
2074,201,2023-01-24,46.63
2075,887,2023-05-03,413.18
2076,721,2023-04-07,144.38
2077,937,2023-05-27,103.06
2078,898,2023-02-04,350.79
2079,862,2023-03-19,242.39
2080,861,2023-02-25,426.56
2081,178,2023-05-24,463.4
2082,484,2023-01-17,170.91
2083,90,2023-02-10,63.53
2084,202,2023-03-24,212.76
2085,657,2023-02-03,179.52
2086,56,2023-03-12,113.97
2087,195,2023-01-11,127.26
2088,11,2023-01-26,167.51
2089,688,2023-04-15,275.76
2090,632,2023-06-04,448.98
2091,563,2023-06-14,193.07
2092,328,2023-03-22,388.67
2093,725,2023-04-14,375.88
2094,313,2023-04-08,379.67
2095,572,2023-03-10,77.45
2096,101,2023-06-06,306.87
2097,879,2023-02-14,470.6
2098,57,2023-05-09,183.8
2099,958,2023-04-10,348.53
2100,24,2023-05-24,405.77
2101,767,2023-04-04,460.5
2102,631,2023-04-21,202.66
2103,772,2023-01-01,48.26
2104,136,2023-06-24,272.69
2105,820,2023-02-22,140.03
2106,145,2023-06-04,214.16
2107,129,2023-04-27,261.66
2108,831,2023-02-22,60.18
2109,412,2023-04-12,465.38
2110,856,2023-02-21,395.44
2111,978,2023-05-19,393.97
2112,647,2023-02-01,273.96
2113,955,2023-03-16,295.01
2114,12,2023-06-03,377.96
2115,678,2023-03-19,130.59
2116,970,2023-06-21,462.79
2117,779,2023-06-12,256.29
2118,51,2023-02-18,321.1
2119,32,2023-06-07,95.79
2120,935,2023-01-21,337.28
2121,506,2023-03-18,183.01
2122,196,2023-06-05,141.96
2123,149,2023-05-15,470.85
2124,343,2023-05-12,62.42
2125,340,2023-02-23,409.47
2126,823,2023-06-17,444.6
2127,151,2023-06-01,359.12
2128,826,2023-06-17,211.73
2129,30,2023-04-02,158.26
2130,187,2023-02-26,468.95
2131,368,2023-03-01,220.88
2132,978,2023-03-16,146.48
2133,990,2023-04-23,490.27
2134,24,2023-03-02,364.65
2135,515,2023-03-28,60.05
2136,447,2023-06-19,262.43
2137,37,2023-04-23,144.6
2138,862,2023-01-13,178.03
2139,226,2023-03-14,406.52
2140,521,2023-05-18,256.23
2141,391,2023-05-15,369.44
2142,934,2023-03-14,354.68
2143,76,2023-05-20,418.2
2144,54,2023-02-13,336.32
2145,950,2023-04-21,81.43
2146,906,2023-02-27,303.96
2147,889,2023-01-04,403.69
2148,945,2023-02-18,203.45
2149,284,2023-03-16,418.74
2150,904,2023-06-25,234.66
2151,16,2023-01-25,297.16
2152,338,2023-02-17,28.0
2153,263,2023-01-25,366.09
2154,784,2023-05-19,402.87
2155,173,2023-03-24,138.03
2156,76,2023-06-19,159.13
2157,266,2023-05-23,381.67
2158,49,2023-04-26,290.41
2159,132,2023-03-08,167.66
2160,904,2023-05-08,302.49
2161,221,2023-01-24,216.24
2162,340,2023-06-02,413.64
2163,748,2023-06-08,80.53
2164,570,2023-04-16,23.76
2165,530,2023-03-28,265.06
2166,767,2023-04-27,320.86
2167,390,2023-04-27,403.84
2168,913,2023-06-22,91.64
2169,962,2023-02-12,391.66
2170,894,2023-06-18,338.5
2171,735,2023-02-17,454.99
2172,114,2023-05-01,384.87
2173,383,2023-05-07,94.05
2174,523,2023-02-02,229.66
2175,745,2023-05-11,225.01
2176,433,2023-03-22,472.22
2177,515,2023-04-14,326.79
2178,286,2023-01-20,475.56
2179,492,2023-03-26,284.8
2180,334,2023-03-24,154.75
2181,82,2023-05-16,180.67
2182,84,2023-02-12,325.37
2183,701,2023-04-11,450.67
2184,163,2023-06-11,307.86
2185,282,2023-05-23,318.87
2186,284,2023-05-23,239.53
2187,652,2023-01-22,50.9
2188,909,2023-03-17,205.17
2189,779,2023-02-14,233.01
2190,121,2023-01-27,379.13
2191,264,2023-05-20,256.65
2192,417,2023-03-08,148.75
2193,786,2023-03-26,172.78
2194,319,2023-03-25,327.84
2195,543,2023-01-20,213.59
2196,740,2023-05-14,134.04
2197,979,2023-01-26,43.91
2198,838,2023-02-12,373.47
2199,406,2023-02-02,420.83
2200,777,2023-02-27,38.07
2201,668,2023-06-11,296.29
2202,288,2023-06-05,102.82
2203,778,2023-02-05,271.68
2204,313,2023-05-26,377.65
2205,391,2023-06-20,100.35
2206,644,2023-04-18,43.43
2207,671,2023-05-25,141.94
2208,824,2023-06-02,478.36
2209,35,2023-06-28,262.95
2210,202,2023-03-01,400.94
2211,859,2023-03-18,22.4
2212,766,2023-03-28,125.2
2213,540,2023-02-12,401.39
2214,498,2023-04-13,493.65
2215,280,2023-01-12,176.62
2216,600,2023-04-01,185.62
2217,912,2023-02-13,39.63
2218,954,2023-04-16,430.78
2219,649,2023-06-27,495.47
2220,50,2023-06-05,257.97
2221,405,2023-06-11,379.71
2222,640,2023-06-28,400.79
2223,708,2023-05-03,71.4
2224,358,2023-02-23,274.74
2225,948,2023-04-15,374.67
2226,374,2023-06-05,405.45
2227,88,2023-06-02,101.94
2228,871,2023-03-11,366.87
2229,571,2023-06-27,335.05
2230,510,2023-02-28,29.41
2231,563,2023-04-11,439.88
2232,396,2023-02-03,458.81
2233,966,2023-02-14,144.71
2234,657,2023-05-12,210.88
2235,405,2023-05-09,158.51
2236,796,2023-01-15,289.37
2237,352,2023-01-27,250.64
2238,577,2023-01-22,395.01
2239,622,2023-06-19,470.32
2240,384,2023-05-03,238.92
2241,694,2023-03-03,93.52
2242,813,2023-06-09,163.49
2243,348,2023-03-20,394.76
2244,940,2023-02-22,68.15
2245,533,2023-03-20,279.92
2246,800,2023-06-25,137.38
2247,488,2023-06-11,338.22
2248,359,2023-03-15,233.57
2249,920,2023-04-25,173.23
2250,334,2023-01-16,29.0
2251,665,2023-03-24,314.12
2252,314,2023-06-07,326.55
2253,483,2023-02-25,227.32
2254,881,2023-06-16,68.89
2255,974,2023-04-26,290.57
2256,597,2023-02-24,21.28
2257,920,2023-03-25,314.0
2258,973,2023-01-16,214.36
2259,116,2023-06-08,163.26
2260,475,2023-03-07,192.77
2261,680,2023-04-04,497.17
2262,342,2023-01-04,79.07
2263,880,2023-06-09,241.92
2264,985,2023-02-25,158.11
2265,839,2023-03-08,338.34
2266,496,2023-06-09,353.23
2267,375,2023-02-06,189.15
2268,261,2023-04-17,181.65
2269,664,2023-01-08,184.45
2270,98,2023-06-21,254.14
2271,665,2023-04-18,177.82
2272,682,2023-03-15,122.72
2273,149,2023-03-05,134.14
2274,358,2023-05-12,484.03
2275,691,2023-05-01,420.32
2276,857,2023-06-19,397.16
2277,309,2023-03-16,378.48
2278,101,2023-04-12,465.42
2279,160,2023-06-14,213.18
2280,644,2023-05-25,456.36
2281,421,2023-06-04,392.81
2282,754,2023-02-08,122.43
2283,310,2023-06-26,481.92
2284,477,2023-04-01,164.28
2285,608,2023-01-09,212.21
2286,261,2023-04-21,363.83
2287,501,2023-06-16,341.33
2288,711,2023-06-26,407.19
2289,358,2023-02-10,79.75
2290,43,2023-06-11,294.51
2291,962,2023-05-23,124.04
2292,413,2023-03-12,362.66
2293,196,2023-01-04,241.51
2294,20,2023-05-27,206.39
2295,695,2023-01-15,187.01
2296,777,2023-01-22,426.26
2297,963,2023-01-15,379.86
2298,662,2023-04-15,294.93
2299,557,2023-03-19,36.05
2300,967,2023-04-23,306.74
2301,101,2023-05-11,170.63
2302,768,2023-04-23,94.93
2303,243,2023-03-19,409.0
2304,946,2023-06-18,389.91
2305,694,2023-05-14,233.68
2306,810,2023-02-12,499.14
2307,377,2023-04-16,499.93
2308,540,2023-06-26,190.9
2309,60,2023-05-14,41.83
2310,552,2023-04-05,83.76
2311,991,2023-02-09,393.96
2312,840,2023-02-08,404.41
2313,8,2023-01-25,113.05
2314,619,2023-01-09,110.99
2315,505,2023-04-28,168.75
2316,233,2023-06-10,488.28
2317,946,2023-04-13,428.51
2318,791,2023-02-11,250.3
2319,788,2023-06-19,218.74
2320,987,2023-01-23,148.65
2321,875,2023-01-07,357.72
2322,937,2023-06-01,338.81
2323,824,2023-04-22,366.04
2324,864,2023-03-25,321.87
2325,400,2023-03-18,410.6
2326,871,2023-01-17,103.57
2327,686,2023-03-06,475.32
2328,483,2023-04-08,450.52
2329,820,2023-05-09,359.62
2330,885,2023-01-05,445.45
2331,598,2023-05-13,226.0
2332,689,2023-01-03,408.92
2333,171,2023-02-07,402.45
2334,171,2023-01-09,320.78
2335,387,2023-03-28,96.35
2336,809,2023-01-04,301.08
2337,151,2023-06-18,292.45
2338,314,2023-03-26,316.97
2339,463,2023-04-25,384.21
2340,387,2023-03-21,321.98
2341,384,2023-03-23,123.09
2342,294,2023-06-27,172.17
2343,817,2023-01-04,269.97
2344,783,2023-06-18,339.55
2345,392,2023-06-11,60.96
2346,19,2023-04-07,265.38
2347,212,2023-06-11,89.3
2348,553,2023-05-27,331.07
2349,456,2023-01-23,304.69
2350,800,2023-06-14,266.24
2351,287,2023-01-18,393.73
2352,687,2023-04-03,144.88
2353,77,2023-02-06,33.39
2354,204,2023-03-22,270.67
2355,62,2023-02-11,148.14
2356,174,2023-01-04,108.6
2357,12,2023-05-07,457.48
2358,900,2023-02-01,263.92
2359,495,2023-04-10,244.98
2360,432,2023-01-24,295.04
2361,112,2023-06-22,251.92
2362,387,2023-05-08,392.23
2363,3,2023-02-24,309.78
2364,706,2023-04-14,334.02
2365,982,2023-01-21,219.7
2366,289,2023-01-16,90.7
2367,405,2023-05-17,425.87
2368,106,2023-05-02,335.25
2369,228,2023-05-13,410.68
2370,688,2023-01-08,445.3
2371,671,2023-02-13,425.58
2372,630,2023-03-26,212.29
2373,603,2023-04-15,163.29
2374,331,2023-05-03,212.61
2375,624,2023-06-22,381.31
2376,934,2023-06-01,205.71
2377,34,2023-03-26,402.85
2378,499,2023-05-24,360.63
2379,134,2023-06-01,130.14
2380,118,2023-03-27,337.76
2381,55,2023-06-20,236.3
2382,885,2023-01-18,53.19
2383,193,2023-03-18,295.46
2384,401,2023-04-18,88.26
2385,180,2023-04-01,241.94
2386,69,2023-01-11,462.69
2387,408,2023-05-08,326.06
2388,350,2023-06-05,394.86
2389,144,2023-02-13,402.03
2390,753,2023-02-04,223.25
2391,467,2023-01-18,359.76
2392,11,2023-03-26,152.65
2393,618,2023-02-28,424.66
2394,377,2023-02-07,390.9
2395,848,2023-05-08,382.88
2396,637,2023-03-07,347.57
2397,371,2023-06-03,22.05
2398,335,2023-04-08,444.99
2399,941,2023-01-16,169.52
2400,791,2023-03-13,295.48
2401,27,2023-06-23,185.68
2402,49,2023-02-24,59.11
2403,251,2023-01-05,457.22
2404,377,2023-02-03,294.25
2405,494,2023-05-21,299.8
2406,226,2023-05-19,25.73
2407,618,2023-03-26,384.02
2408,505,2023-04-04,256.54
2409,28,2023-01-28,253.25
2410,513,2023-02-02,185.79
2411,311,2023-04-02,448.76
2412,956,2023-01-05,141.75
2413,96,2023-06-13,22.31
2414,238,2023-04-09,279.62
2415,329,2023-06-21,286.53
2416,573,2023-02-08,235.14
2417,465,2023-03-04,382.91
2418,684,2023-04-15,243.1
2419,398,2023-04-28,49.11
2420,965,2023-03-08,168.88
2421,602,2023-06-27,362.92
2422,685,2023-06-15,344.63
2423,781,2023-02-27,58.41
2424,234,2023-04-25,133.44
2425,811,2023-02-06,146.81
2426,743,2023-04-24,417.78
2427,512,2023-04-11,457.96
2428,799,2023-03-28,183.34
2429,919,2023-01-10,280.57
2430,311,2023-05-28,40.73
2431,743,2023-06-28,491.95
2432,95,2023-02-27,76.19
2433,350,2023-03-13,29.38
2434,466,2023-03-06,252.15
2435,913,2023-05-25,427.38
2436,912,2023-03-27,298.27
2437,852,2023-03-26,249.11
2438,496,2023-01-04,71.6
2439,903,2023-05-16,208.26
2440,762,2023-04-12,159.17
2441,154,2023-03-14,183.88
2442,156,2023-05-19,399.32
2443,216,2023-02-13,347.9
2444,966,2023-03-17,182.17
2445,594,2023-06-01,383.94
2446,980,2023-01-20,263.59
2447,358,2023-06-13,273.64
2448,445,2023-06-14,25.48
2449,612,2023-04-24,303.26
2450,736,2023-02-28,477.85
2451,136,2023-04-03,124.87
2452,35,2023-04-26,282.97
2453,905,2023-05-25,433.91
2454,384,2023-04-15,230.74
2455,211,2023-04-02,383.3
2456,417,2023-05-19,448.68
2457,480,2023-02-13,126.95
2458,828,2023-05-06,442.08
2459,88,2023-04-03,341.64
2460,367,2023-01-15,384.46
2461,430,2023-01-05,285.87
2462,34,2023-02-06,337.13
2463,669,2023-04-18,484.08
2464,238,2023-02-10,116.82
2465,248,2023-02-22,471.99
2466,632,2023-01-26,88.69
2467,389,2023-05-08,141.07
2468,726,2023-01-26,212.55
2469,971,2023-01-27,427.12
2470,265,2023-04-19,492.76
2471,3,2023-06-08,346.42
2472,134,2023-04-20,185.02
2473,902,2023-02-11,230.07
2474,614,2023-04-11,393.69
2475,352,2023-03-03,85.54
2476,50,2023-02-16,363.39
2477,963,2023-01-26,203.62
2478,848,2023-03-09,274.91
2479,491,2023-05-11,157.89
2480,985,2023-03-08,71.18
2481,819,2023-05-21,381.65
2482,171,2023-05-26,24.71
2483,927,2023-03-12,482.28
2484,332,2023-02-17,405.04
2485,310,2023-02-15,216.89
2486,31,2023-02-12,179.85
2487,975,2023-04-18,432.63
2488,984,2023-04-18,274.42
2489,696,2023-04-18,210.51
2490,605,2023-02-02,129.77
2491,910,2023-02-06,78.72
2492,921,2023-01-16,36.41
2493,926,2023-01-20,485.04
2494,425,2023-03-18,212.62
2495,678,2023-02-19,392.33
2496,580,2023-02-18,409.33
2497,942,2023-05-25,252.34
2498,817,2023-05-16,117.43
2499,162,2023-06-03,140.77
2500,419,2023-03-19,193.9
2501,486,2023-02-19,412.37
2502,308,2023-06-19,208.3
2503,200,2023-01-14,24.0
2504,7,2023-02-18,287.22
2505,81,2023-04-01,29.31
2506,500,2023-06-02,105.82
2507,154,2023-03-11,348.69
2508,749,2023-01-05,346.93
2509,85,2023-06-21,381.03
2510,376,2023-06-16,193.21
2511,543,2023-03-03,211.21
2512,886,2023-04-20,85.99
2513,910,2023-06-03,46.67
2514,896,2023-03-13,219.23
2515,19,2023-04-11,332.11
2516,698,2023-01-12,102.14
2517,283,2023-06-19,234.71
2518,889,2023-02-27,44.38
2519,548,2023-06-13,46.59
2520,955,2023-03-10,372.77
2521,991,2023-02-07,26.43
2522,146,2023-03-17,477.13
2523,408,2023-02-23,286.59
2524,437,2023-05-23,329.25
2525,266,2023-01-26,62.2
2526,158,2023-03-15,489.36
2527,78,2023-02-05,212.64
2528,351,2023-03-24,338.56
2529,650,2023-05-23,67.87
2530,46,2023-04-01,65.91
2531,509,2023-06-04,291.44
2532,686,2023-05-28,488.21
2533,359,2023-02-01,316.36
2534,123,2023-01-19,82.73
2535,739,2023-05-05,283.86
2536,722,2023-03-05,134.37
2537,4,2023-02-19,235.98
2538,203,2023-03-19,330.77
2539,166,2023-04-19,183.42
2540,988,2023-05-04,184.96
2541,831,2023-06-12,458.95
2542,217,2023-01-03,226.09
2543,290,2023-05-21,232.94
2544,926,2023-05-06,487.33
2545,471,2023-04-11,418.64
2546,811,2023-03-23,432.42
2547,831,2023-03-06,163.53
2548,422,2023-04-27,134.35
2549,616,2023-02-13,82.54
2550,244,2023-01-17,464.32
2551,669,2023-06-03,105.35
2552,746,2023-05-26,459.17
2553,662,2023-04-08,384.67
2554,492,2023-04-23,398.91
2555,196,2023-02-25,143.78
2556,905,2023-06-10,114.83
2557,919,2023-03-28,166.06
2558,619,2023-04-17,257.8
2559,346,2023-04-12,248.75
2560,315,2023-04-25,361.28
2561,664,2023-02-17,435.94
2562,938,2023-01-27,95.21
2563,232,2023-05-02,386.19
2564,657,2023-03-18,330.69
2565,596,2023-03-05,160.65
2566,739,2023-04-02,320.71
2567,616,2023-01-19,157.8
2568,495,2023-01-14,355.52
2569,295,2023-02-16,219.3
2570,798,2023-02-13,203.33
2571,375,2023-06-27,86.44
2572,34,2023-03-20,93.82
2573,237,2023-02-14,395.31
2574,736,2023-01-20,385.03
2575,61,2023-03-27,322.17
2576,478,2023-01-22,179.4
2577,117,2023-02-04,473.23
2578,406,2023-04-06,413.4
2579,984,2023-03-03,144.14
2580,807,2023-03-14,294.36
2581,535,2023-01-01,324.38
2582,817,2023-03-05,460.84
2583,626,2023-02-07,489.87
2584,821,2023-05-24,150.99
2585,552,2023-03-06,95.8
2586,986,2023-06-08,420.35
2587,428,2023-06-25,175.06
2588,493,2023-06-14,457.57
2589,362,2023-04-26,468.43
2590,809,2023-02-28,305.66
2591,935,2023-02-06,227.01
2592,747,2023-02-24,164.57
2593,44,2023-02-13,175.73
2594,577,2023-06-07,88.76
2595,995,2023-01-19,38.21
2596,863,2023-06-02,227.52
2597,861,2023-04-14,52.43
2598,463,2023-06-10,164.53
2599,756,2023-05-16,139.72
2600,675,2023-06-11,172.69
2601,181,2023-01-23,462.12
2602,635,2023-06-08,79.97
2603,723,2023-04-20,88.93
2604,454,2023-06-02,372.66
2605,969,2023-03-26,434.28
2606,314,2023-05-08,318.55
2607,602,2023-02-22,295.79
2608,218,2023-01-09,173.34
2609,886,2023-06-25,342.5
2610,356,2023-02-26,495.84
2611,711,2023-02-17,245.03
2612,255,2023-02-11,239.2
2613,253,2023-05-04,448.13
2614,349,2023-01-16,131.57
2615,696,2023-02-21,451.11
2616,236,2023-02-02,106.78
2617,184,2023-04-10,68.71
2618,956,2023-02-10,383.91
2619,552,2023-03-01,324.1
2620,470,2023-03-07,363.0
2621,356,2023-02-02,136.03
2622,410,2023-01-11,459.61
2623,136,2023-01-05,139.3
2624,500,2023-03-04,413.05
2625,366,2023-06-03,195.51
2626,56,2023-03-18,432.42
2627,716,2023-05-09,324.34
2628,917,2023-01-09,92.91
2629,307,2023-06-27,349.8
2630,81,2023-03-13,166.66
2631,833,2023-05-20,95.01
2632,329,2023-03-28,62.05
2633,37,2023-02-17,404.38
2634,601,2023-04-25,268.1
2635,751,2023-01-28,139.74
2636,761,2023-03-01,187.66
2637,626,2023-02-24,350.52
2638,632,2023-03-25,487.57
2639,342,2023-06-28,245.81
2640,322,2023-06-16,431.99
2641,916,2023-03-16,475.71
2642,178,2023-04-14,402.82
2643,285,2023-05-21,331.81
2644,803,2023-04-08,28.38
2645,138,2023-04-04,377.59
2646,550,2023-01-22,341.42
2647,734,2023-06-12,448.05
2648,10,2023-04-08,171.65
2649,75,2023-01-15,229.19
2650,57,2023-03-02,158.8
2651,395,2023-03-20,289.94
2652,668,2023-05-26,192.08
2653,899,2023-04-20,233.79
2654,221,2023-01-10,111.13
2655,956,2023-06-14,31.51
2656,608,2023-05-02,377.68
2657,939,2023-01-04,41.18
2658,751,2023-03-25,382.07
2659,222,2023-01-28,44.03
2660,526,2023-05-05,253.08
2661,551,2023-05-17,287.49
2662,819,2023-05-07,38.37
2663,961,2023-04-22,75.0
2664,418,2023-02-18,271.04
2665,752,2023-05-16,359.71
2666,702,2023-03-03,273.17
2667,47,2023-03-14,466.86
2668,606,2023-03-21,36.89
2669,777,2023-04-11,496.77
2670,390,2023-05-18,384.16
2671,13,2023-04-06,271.52
2672,161,2023-04-05,362.98
2673,568,2023-01-24,326.39
2674,886,2023-01-22,341.01
2675,198,2023-03-15,94.08
2676,290,2023-04-07,188.82
2677,745,2023-01-15,267.57
2678,983,2023-06-23,394.91
2679,410,2023-05-08,43.86
2680,533,2023-05-15,477.1
2681,584,2023-05-19,321.83
2682,355,2023-03-04,327.94
2683,422,2023-03-20,283.34
2684,493,2023-04-03,144.9
2685,446,2023-03-19,36.95
2686,428,2023-04-17,267.25
2687,575,2023-04-12,52.82
2688,104,2023-03-25,255.88
2689,442,2023-01-14,166.07
2690,815,2023-01-12,341.04
2691,311,2023-03-27,213.04
2692,50,2023-02-25,62.91
2693,603,2023-06-21,230.67
2694,138,2023-02-01,365.48
2695,355,2023-03-17,420.75
2696,220,2023-04-11,384.04
2697,489,2023-02-25,245.47
2698,694,2023-04-26,136.14
2699,705,2023-02-04,201.69
2700,802,2023-05-16,71.97
2701,381,2023-02-27,219.53
2702,158,2023-03-18,250.63
2703,269,2023-01-28,69.68
2704,384,2023-06-02,86.48
2705,674,2023-03-11,174.2
2706,33,2023-01-11,161.98
2707,682,2023-05-24,365.56
2708,864,2023-05-19,460.83
2709,412,2023-02-19,426.39
2710,523,2023-06-15,133.71
2711,100,2023-04-05,168.73
2712,818,2023-04-07,26.33
2713,791,2023-03-08,272.55
2714,595,2023-06-02,33.2
2715,162,2023-01-10,127.23
2716,232,2023-05-10,316.86
2717,732,2023-01-16,351.99
2718,582,2023-03-04,230.09
2719,278,2023-05-21,218.13
2720,525,2023-04-25,205.99
2721,368,2023-05-16,352.73
2722,387,2023-01-17,310.71
2723,464,2023-02-05,181.68
2724,5,2023-03-21,214.03
2725,133,2023-02-05,139.91
2726,392,2023-02-10,38.7
2727,869,2023-06-15,236.77
2728,676,2023-01-06,192.52
2729,45,2023-03-17,290.65
2730,872,2023-03-04,463.05
2731,520,2023-06-06,390.66
2732,413,2023-01-11,53.34
2733,821,2023-04-02,360.63
2734,594,2023-01-28,106.25
2735,301,2023-02-16,273.06
2736,35,2023-03-16,324.75
2737,199,2023-05-18,203.18
2738,486,2023-04-03,176.66
2739,565,2023-04-20,175.02
2740,16,2023-03-10,165.41
2741,266,2023-02-06,403.64
2742,550,2023-06-18,91.6
2743,742,2023-05-27,208.59
2744,241,2023-01-08,436.79
2745,43,2023-04-03,164.1
2746,893,2023-02-03,422.05
2747,157,2023-01-18,35.15
2748,602,2023-04-22,202.71
2749,619,2023-01-09,398.23
2750,7,2023-02-22,295.4
2751,466,2023-04-03,31.76
2752,854,2023-01-28,260.65
2753,835,2023-06-04,418.79
2754,129,2023-05-26,403.81
2755,388,2023-06-11,426.56
2756,910,2023-06-22,307.64
2757,574,2023-03-24,253.38
2758,297,2023-05-22,392.99
2759,81,2023-01-02,125.81
2760,72,2023-03-03,115.04
2761,879,2023-05-04,73.21
2762,10,2023-05-21,69.71
2763,238,2023-03-03,354.76
2764,456,2023-02-11,325.37
2765,320,2023-05-22,21.07
2766,425,2023-04-02,261.12
2767,812,2023-01-19,377.52
2768,396,2023-01-26,499.68
2769,838,2023-04-04,162.04
2770,71,2023-05-15,272.75
2771,829,2023-01-07,70.19
2772,279,2023-03-25,457.0
2773,783,2023-03-16,80.07
2774,484,2023-02-15,177.5
2775,466,2023-05-09,399.47
2776,220,2023-06-09,33.11
2777,643,2023-04-09,143.97
2778,538,2023-05-20,462.13
2779,236,2023-04-01,310.05
2780,235,2023-02-20,71.14
2781,630,2023-04-24,485.44
2782,646,2023-03-03,109.19
2783,854,2023-04-10,53.99
2784,437,2023-04-01,127.59
2785,67,2023-04-12,132.2
2786,357,2023-06-21,287.13
2787,702,2023-04-13,135.89
2788,547,2023-01-03,32.85
2789,303,2023-05-13,329.12
2790,330,2023-04-26,65.42
2791,954,2023-02-13,37.98
2792,452,2023-03-01,49.49
2793,614,2023-03-17,212.0
2794,651,2023-03-18,201.71
2795,606,2023-06-19,411.83
2796,72,2023-03-17,141.12
2797,253,2023-04-01,451.13
2798,55,2023-04-26,71.13
2799,772,2023-04-26,244.9
2800,979,2023-01-15,253.42
2801,588,2023-02-21,250.63
2802,207,2023-03-20,114.69
2803,114,2023-01-15,273.35
2804,721,2023-01-15,71.18
2805,38,2023-04-27,44.99
2806,945,2023-03-20,31.34
2807,89,2023-01-09,157.57
2808,434,2023-03-11,427.62
2809,239,2023-04-09,129.18
2810,680,2023-06-22,269.11
2811,719,2023-05-24,215.44
2812,235,2023-03-12,471.26
2813,697,2023-05-04,250.42
2814,240,2023-01-27,121.34
2815,898,2023-03-08,455.3
2816,817,2023-01-10,316.25
2817,642,2023-05-19,106.45
2818,396,2023-04-12,122.93
2819,629,2023-06-04,479.48
2820,242,2023-04-21,419.11
2821,582,2023-01-15,123.9
2822,935,2023-03-25,225.23
2823,735,2023-02-09,263.15
2824,201,2023-06-05,465.97
2825,358,2023-06-26,288.88
2826,994,2023-05-13,431.75
2827,158,2023-06-08,421.08
2828,567,2023-04-22,409.79
2829,719,2023-04-22,64.39
2830,206,2023-01-08,151.27
2831,624,2023-01-25,251.17
2832,441,2023-04-15,469.87
2833,657,2023-01-12,194.64
2834,845,2023-01-16,438.9
2835,122,2023-03-15,311.61
2836,348,2023-06-04,206.52
2837,602,2023-01-13,354.79
2838,898,2023-05-20,110.23
2839,310,2023-03-25,146.23
2840,548,2023-04-07,413.41
2841,105,2023-06-20,234.97
2842,662,2023-03-22,489.05
2843,868,2023-03-12,253.28
2844,257,2023-02-20,364.33
2845,861,2023-06-05,248.21
2846,405,2023-01-24,279.68
2847,155,2023-04-24,299.93
2848,854,2023-03-11,80.55
2849,637,2023-06-02,178.05
2850,8,2023-02-13,492.76
2851,982,2023-01-22,58.5
2852,57,2023-01-22,389.94
2853,76,2023-01-27,176.82
2854,471,2023-04-03,426.12
2855,259,2023-02-18,143.8
2856,84,2023-06-20,320.86
2857,2,2023-02-03,430.6
2858,525,2023-01-22,375.14
2859,544,2023-02-21,386.62
2860,853,2023-03-22,486.33
2861,697,2023-05-20,44.59
2862,874,2023-06-23,413.56
2863,691,2023-04-16,81.37
2864,682,2023-02-03,49.45
2865,693,2023-03-17,79.94
2866,423,2023-04-21,137.61
2867,72,2023-03-11,367.83
2868,74,2023-05-05,80.69
2869,144,2023-05-18,85.38
2870,84,2023-01-14,122.39
2871,842,2023-05-24,492.34
2872,65,2023-03-04,250.73
2873,736,2023-06-21,321.14
2874,195,2023-02-27,33.95
2875,707,2023-04-09,387.0
2876,434,2023-06-14,311.62
2877,641,2023-05-07,172.09
2878,868,2023-05-19,51.74
2879,857,2023-04-14,151.48
2880,592,2023-02-05,128.16
2881,752,2023-06-03,362.25
2882,352,2023-02-22,106.25
2883,153,2023-02-26,451.86
2884,466,2023-06-26,213.11
2885,617,2023-01-06,202.66
2886,620,2023-02-15,299.92
2887,881,2023-05-19,174.02
2888,929,2023-02-06,170.25
2889,265,2023-05-14,385.57
2890,779,2023-03-22,269.71
2891,645,2023-02-26,462.46
2892,556,2023-04-25,357.67
2893,996,2023-04-17,74.22
2894,995,2023-01-03,168.37
2895,264,2023-02-08,42.24
2896,26,2023-01-20,359.62
2897,88,2023-03-18,259.85
2898,609,2023-03-11,357.19
2899,58,2023-06-22,395.23
2900,171,2023-06-13,355.33
2901,625,2023-04-17,249.88
2902,591,2023-01-06,462.7
2903,731,2023-01-23,92.93
2904,977,2023-06-09,478.17
2905,423,2023-02-15,100.78
2906,405,2023-02-24,483.98
2907,195,2023-06-01,123.85
2908,549,2023-03-17,162.54
2909,353,2023-01-06,318.79
2910,975,2023-06-20,302.93
2911,739,2023-04-15,389.39
2912,617,2023-04-26,294.2
2913,324,2023-03-16,429.3
2914,659,2023-03-03,290.88
2915,276,2023-02-09,365.51
2916,491,2023-06-03,55.28
2917,987,2023-06-07,494.07
2918,541,2023-04-01,124.84
2919,403,2023-04-05,481.42
2920,107,2023-06-15,434.17
2921,569,2023-01-06,195.09
2922,211,2023-03-24,428.08
2923,557,2023-02-01,402.31
2924,256,2023-01-12,211.0
2925,717,2023-01-24,474.91
2926,644,2023-02-19,482.72
2927,524,2023-03-21,288.14
2928,859,2023-04-08,481.54
2929,910,2023-02-26,73.1
2930,538,2023-04-22,363.74
2931,452,2023-02-03,102.45
2932,362,2023-02-23,224.84
2933,189,2023-03-18,187.49
2934,66,2023-01-16,84.19
2935,564,2023-05-15,425.58
2936,260,2023-03-05,281.49
2937,734,2023-06-03,229.69
2938,441,2023-02-16,314.27
2939,68,2023-02-21,209.87
2940,336,2023-02-20,371.06
2941,727,2023-03-11,63.86
2942,907,2023-01-01,479.36
2943,634,2023-01-02,266.37
2944,263,2023-03-23,278.13
2945,899,2023-06-05,81.83
2946,14,2023-02-07,351.24
2947,463,2023-02-14,25.15
2948,40,2023-02-05,135.5
2949,237,2023-02-24,334.01
2950,686,2023-01-23,454.12
2951,839,2023-03-22,88.33
2952,468,2023-06-09,114.8
2953,118,2023-03-26,118.26
2954,870,2023-04-25,295.1
2955,115,2023-05-01,434.95
2956,127,2023-04-23,210.27
2957,437,2023-04-27,451.93
2958,483,2023-05-13,421.35
2959,255,2023-06-22,166.66
2960,383,2023-02-28,20.69
2961,20,2023-03-09,50.85
2962,271,2023-04-04,229.23
2963,703,2023-05-15,22.06
2964,753,2023-05-10,159.27
2965,338,2023-03-18,33.19
2966,417,2023-06-21,65.59
2967,423,2023-03-05,298.45
2968,601,2023-06-06,267.55
2969,368,2023-02-10,66.03
2970,670,2023-01-11,412.7
2971,587,2023-05-26,215.81
2972,737,2023-06-14,67.38
2973,167,2023-02-04,178.35
2974,715,2023-06-11,198.79
2975,677,2023-02-23,98.07
2976,858,2023-05-02,175.7
2977,664,2023-05-07,492.37
2978,359,2023-04-21,166.0
2979,717,2023-03-24,47.49
2980,415,2023-06-10,258.53
2981,693,2023-02-11,378.15
2982,791,2023-02-20,194.78
2983,338,2023-01-03,75.59
2984,519,2023-02-27,175.82
2985,475,2023-06-14,420.72
2986,552,2023-04-23,280.78
2987,85,2023-02-13,39.38
2988,20,2023-04-09,275.13
2989,987,2023-02-01,142.27
2990,913,2023-03-26,453.16
2991,608,2023-05-01,359.22
2992,443,2023-04-04,421.65
2993,864,2023-01-26,446.65
2994,183,2023-03-27,452.52
2995,720,2023-05-08,196.63
2996,677,2023-03-23,388.72
2997,186,2023-06-12,306.2
2998,362,2023-01-11,373.5
2999,456,2023-05-14,232.62
3000,874,2023-04-20,311.49
